fund_id,fund_name,security_name,isin,number_of_shares,share_change,weight_pct,sector
INF204K01K15,INF204K01K15,Multi Commodity Exchange of India Ltd,INE745G01035,1851010.0,0.0,2.71921,Financial Services
INF204K01K15,INF204K01K15,HDFC Bank Ltd,INE040A01034,13300000.0,0.0,1.95431,Financial Services
INF204K01K15,INF204K01K15,State Bank of India,INE062A01020,10347848.0,0.0,1.47736,Financial Services
INF204K01K15,INF204K01K15,Karur Vysya Bank Ltd,INE036D01028,38140874.0,0.0,1.37925,Financial Services
INF204K01K15,INF204K01K15,Bharat Heavy Electricals Ltd,INE257A01026,29507422.0,969190.0,1.25157,Industrials
INF204K01K15,INF204K01K15,Apar Industries Ltd,INE372A01015,899271.0,0.0,1.2012,Industrials
INF204K01K15,INF204K01K15,TD Power Systems Ltd,INE419M01027,10278244.0,0.0,1.16457,Industrials
INF204K01K15,INF204K01K15,eClerx Services Ltd,INE738I01010,1712794.0,0.0,1.13668,Technology
INF204K01K15,INF204K01K15,Reliance Industries Ltd,INE002A01018,4964128.0,0.0,1.13476,Energy
INF204K01K15,INF204K01K15,Axis Bank Ltd,INE238A01034,5977976.0,0.0,1.11562,Financial Services
INF204K01K15,INF204K01K15,Kirloskar Brothers Ltd,INE732A01036,4472130.0,0.0,1.10238,Industrials
INF204K01K15,INF204K01K15,Zydus Wellness Ltd,INE768C01028,16848030.0,0.0,1.05761,Consumer Defensive
INF204K01K15,INF204K01K15,ITC Ltd,INE154A01025,17779908.0,0.0,1.04817,Consumer Defensive
INF204K01K15,INF204K01K15,Radico Khaitan Ltd,INE944F01028,2228907.0,0.0,1.04278,Consumer Defensive
INF204K01K15,INF204K01K15,Tube Investments of India Ltd Ordinary Shares,INE974X01010,2499222.0,0.0,1.01482,Industrials
INF204K01K15,INF204K01K15,Emami Ltd,INE548C01032,12874798.0,600000.0,0.99605,Consumer Defensive
INF204K01K15,INF204K01K15,Asian Paints Ltd,INE021A01026,2303100.0,0.0,0.96542,Basic Materials
INF204K01K15,INF204K01K15,NLC India Ltd,INE589A01014,26990331.0,0.0,0.95725,Utilities
INF204K01K15,INF204K01K15,Aster DM Healthcare Ltd Ordinary Shares,INE914M01019,9522707.0,0.0,0.92412,Healthcare
INF204K01K15,INF204K01K15,ELANTAS Beck India Ltd,INE280B01018,651246.0,0.0,0.92256,Basic Materials
INF204K01K15,INF204K01K15,Paradeep Phosphates Ltd,INE088F01024,38089109.0,0.0,0.88091,Basic Materials
INF204K01K15,INF204K01K15,Pfizer Ltd,INE182A01018,1206103.0,0.0,0.87505,Healthcare
INF204K01K15,INF204K01K15,AstraZeneca Pharma India Ltd,INE203A01020,658075.0,0.0,0.86602,Healthcare
INF204K01K15,INF204K01K15,AWL Agri Business Ltd,INE699H01024,22483343.0,0.0,0.84921,Consumer Defensive
INF204K01K15,INF204K01K15,TBO Tek Ltd,INE673O01025,3427297.0,0.0,0.82584,Consumer Cyclical
INF204K01K15,INF204K01K15,Whirlpool of India Ltd,INE716A01013,5127655.0,86777.0,0.80169,Consumer Cyclical
INF204K01K15,INF204K01K15,Voltamp Transformers Ltd,INE540H01012,642476.0,0.0,0.76449,Industrials
INF204K01K15,INF204K01K15,Hindustan Unilever Ltd,INE030A01027,2121461.0,0.0,0.76311,Consumer Defensive
INF204K01K15,INF204K01K15,Asahi India Glass Ltd,INE439A01020,5102823.0,0.0,0.75956,Consumer Cyclical
INF204K01K15,INF204K01K15,Dixon Technologies (India) Ltd,INE935N01020,350144.0,0.0,0.74556,Technology
INF204K01K15,INF204K01K15,Sai Life Sciences Ltd,INE570L01029,5772731.0,0.0,0.74453,Healthcare
INF204K01K15,INF204K01K15,Gokaldas Exports Ltd,INE887G01027,5394102.0,0.0,0.7296,Consumer Cyclical
INF204K01K15,INF204K01K15,Balrampur Chini Mills Ltd,INE119A01028,11131698.0,0.0,0.72662,Consumer Defensive
INF204K01K15,INF204K01K15,Ramco Cements Ltd,INE331A01037,4721314.0,0.0,0.71434,Basic Materials
INF204K01K15,INF204K01K15,NIIT Learning Systems Ltd,INE342G01023,12204308.0,0.0,0.7088,Consumer Defensive
INF204K01K15,INF204K01K15,HDFC Life Insurance Co Ltd,INE795G01014,6169571.0,429603.0,0.68766,Financial Services
INF204K01K15,INF204K01K15,Sundaram Fasteners Ltd,INE387A01021,5025211.0,0.0,0.68502,Consumer Cyclical
INF204K01K15,INF204K01K15,Orkla India Ltd,INE16NZ01023,7096018.0,6261458.0,0.67093,Consumer Defensive
INF204K01K15,INF204K01K15,Crompton Greaves Consumer Electricals Ltd,INE299U01018,16810436.0,500000.0,0.65051,Consumer Cyclical
INF204K01K15,INF204K01K15,Kirloskar Pneumatic Co Ltd,INE811A01020,4102361.0,0.0,0.65019,Industrials
INF204K01K15,INF204K01K15,Kalpataru Projects International Ltd,INE220B01022,3622814.0,0.0,0.63383,Industrials
INF204K01K15,INF204K01K15,MAS Financial Services Ltd Ordinary Shares,INE348L01012,13939573.0,0.0,0.62774,Financial Services
INF204K01K15,INF204K01K15,Affle 3i Ltd,INE00WC01027,2587622.0,0.0,0.62676,Communication Services
INF204K01K15,INF204K01K15,Tata Consumer Products Ltd,INE192A01025,3658686.0,0.0,0.62554,Consumer Defensive
INF204K01K15,INF204K01K15,Ajanta Pharma Ltd,INE031B01049,1674471.0,0.0,0.62533,Healthcare
INF204K01K15,INF204K01K15,PhysicsWallah Ltd,INE0LP301011,33532626.0,33532626.0,0.61073,Consumer Defensive
INF204K01K15,INF204K01K15,Kirloskar Oil Engines Ltd,INE146L01010,3715379.0,0.0,0.60947,Industrials
INF204K01K15,INF204K01K15,KFin Technologies Ltd,INE138Y01010,3937532.0,0.0,0.60655,Technology
INF204K01K15,INF204K01K15,TSF Investments Ltd,INE202Z01029,8201672.0,-4657.0,0.6018,Financial Services
INF204K01K15,INF204K01K15,Central Depository Services (India) Ltd,INE736A01011,2539226.0,0.0,0.59885,Financial Services
INF204K01K15,INF204K01K15,Procter & Gamble Health Ltd,INE199A01012,692659.0,0.0,0.57804,Healthcare
INF204K01K15,INF204K01K15,PNB Housing Finance Ltd,INE572E01012,4338237.0,0.0,0.57274,Financial Services
INF204K01K15,INF204K01K15,Hindustan Aeronautics Ltd Ordinary Shares,INE066F01020,862972.0,0.0,0.57166,Industrials
INF204K01K15,INF204K01K15,ICRA Ltd,INE725G01011,626192.0,0.0,0.566,Financial Services
INF204K01K15,INF204K01K15,Tata Motors Ltd,INE1TAE01010,10859176.0,10859176.0,0.55743,Consumer Cyclical
INF204K01K15,INF204K01K15,Lumax Auto Technologies Ltd,INE872H01027,2480000.0,0.0,0.55563,Consumer Cyclical
INF204K01K15,INF204K01K15,Rategain Travel Technologies Ltd,INE0CLI01024,5314611.0,0.0,0.55063,Technology
INF204K01K15,INF204K01K15,Timken India Ltd,INE325A01013,1184218.0,0.0,0.54476,Industrials
INF204K01K15,INF204K01K15,K.P.R. Mill Ltd,INE930H01031,3448243.0,0.0,0.54284,Consumer Cyclical
INF204K01K15,INF204K01K15,Vardhman Textiles Ltd,INE825A01020,8465828.0,0.0,0.53964,Consumer Cyclical
INF204K01K15,INF204K01K15,Avalon Technologies Ltd,INE0LCL01028,3789162.0,0.0,0.53529,Technology
INF204K01K15,INF204K01K15,Vedanta Ltd,INE205A01025,6944141.0,0.0,0.53267,Basic Materials
INF204K01K15,INF204K01K15,ISGEC Heavy Engineering Ltd,INE858B01029,4285591.0,100000.0,0.51595,Industrials
INF204K01K15,INF204K01K15,Blue Star Ltd,INE472A01039,2002468.0,0.0,0.51554,Industrials
INF204K01K15,INF204K01K15,Krishna Institute of Medical Sciences Ltd,INE967H01025,5125000.0,0.0,0.51204,Healthcare
INF204K01K15,INF204K01K15,Persistent Systems Ltd,INE262H01021,550028.0,0.0,0.50959,Technology
INF204K01K15,INF204K01K15,Fine Organic Industries Ltd Ordinary Shares,INE686Y01026,785023.0,0.0,0.50585,Basic Materials
INF204K01K15,INF204K01K15,Voltas Ltd,INE226A01021,2496994.0,0.0,0.50117,Consumer Cyclical
INF204K01K15,INF204K01K15,Indigo Paints Ltd Ordinary Shares,INE09VQ01012,2600000.0,0.0,0.48671,Basic Materials
INF204K01K15,INF204K01K15,JTEKT India Ltd,INE643A01035,21133584.0,0.0,0.48353,Consumer Cyclical
INF204K01K15,INF204K01K15,Navin Fluorine International Ltd,INE048G01026,567368.0,0.0,0.47456,Basic Materials
INF204K01K15,INF204K01K15,Allied Blenders and Distillers Ltd,INE552Z01027,4937158.0,0.0,0.47073,Consumer Defensive
INF204K01K15,INF204K01K15,Cyient Ltd,INE136B01020,2865876.0,14893.0,0.46959,Industrials
INF204K01K15,INF204K01K15,HealthCare Global Enterprises Ltd,INE075I01017,4400000.0,0.0,0.46864,Healthcare
INF204K01K15,INF204K01K15,Craftsman Automation Ltd,INE00LO01017,454042.0,0.0,0.46512,Consumer Cyclical
INF204K01K15,INF204K01K15,eMudhra Ltd,INE01QM01018,5083786.0,0.0,0.45777,Technology
INF204K01K15,INF204K01K15,Gland Pharma Ltd,INE068V01023,1780371.0,0.0,0.45686,Healthcare
INF204K01K15,INF204K01K15,Hitachi Energy India Ltd Ordinary Shares,INE07Y701011,140509.0,0.0,0.45194,Industrials
INF204K01K15,INF204K01K15,Samvardhana Motherson International Ltd,INE775A01035,26606052.0,0.0,0.45129,Consumer Cyclical
INF204K01K15,INF204K01K15,Jyothy Labs Ltd,INE668F01031,10212940.0,0.0,0.44689,Consumer Defensive
INF204K01K15,INF204K01K15,Aditya Birla Real Estate Ltd,INE055A01016,1721623.0,0.0,0.4453,Real Estate
INF204K01K15,INF204K01K15,Coal India Ltd,INE522F01014,8056743.0,0.0,0.44195,Energy
INF204K01K15,INF204K01K15,Birla Corp Ltd,INE340A01012,2697453.0,0.0,0.44062,Basic Materials
INF204K01K15,INF204K01K15,Tata Power Co Ltd,INE245A01021,7707138.0,0.0,0.43845,Utilities
INF204K01K15,INF204K01K15,Syngene International Ltd,INE398R01022,4592970.0,513120.0,0.43423,Healthcare
INF204K01K15,INF204K01K15,Indian Hotels Co Ltd,INE053A01029,3975828.0,0.0,0.43155,Consumer Cyclical
INF204K01K15,INF204K01K15,Aditya Birla Lifestyle Brands Ltd,INE14LE01019,22375020.0,0.0,0.42475,Consumer Cyclical
INF204K01K15,INF204K01K15,Bluestone Jewellery And Lifestyle Ltd,INE304W01038,5186909.0,0.0,0.42216,Consumer Cyclical
INF204K01K15,INF204K01K15,Tejas Networks Ltd,INE010J01012,5763697.0,0.0,0.41539,Technology
INF204K01K15,INF204K01K15,VST Tillers Tractors Ltd,INE764D01017,501622.0,-30133.0,0.40977,Industrials
INF204K01K15,INF204K01K15,Carborundum Universal Ltd,INE120A01034,3265582.0,0.0,0.40806,Industrials
INF204K01K15,INF204K01K15,RBL Bank Ltd,INE976G01028,8932844.0,0.0,0.40696,Financial Services
INF204K01K15,INF204K01K15,City Union Bank Ltd,INE491A01021,10250670.0,0.0,0.40523,Financial Services
INF204K01K15,INF204K01K15,Clean Science and Technology Ltd,INE227W01023,3039656.0,350000.0,0.40494,Basic Materials
INF204K01K15,INF204K01K15,Genus Power Infrastructures Ltd,INE955D01029,8750327.0,0.0,0.40241,Industrials
INF204K01K15,INF204K01K15,Kajaria Ceramics Ltd,INE217B01036,2582113.0,150000.0,0.40186,Industrials
INF204K01K15,INF204K01K15,Galaxy Surfactants Ltd,INE600K01018,1346331.0,0.0,0.39733,Basic Materials
INF204K01K15,INF204K01K15,HDB Financial Services Ltd,INE756I01012,3454407.0,-61685.0,0.38649,Financial Services
INF204K01K15,INF204K01K15,Century Plyboards (India) Ltd,INE348B01021,3274464.0,0.0,0.3824,Basic Materials
INF204K01K15,INF204K01K15,Bayer CropScience Ltd,INE462A01022,559898.0,0.0,0.38036,Basic Materials
INF204K01K15,INF204K01K15,Thyrocare Technologies Ltd,INE594H01019,5167803.0,0.0,0.37358,Healthcare
INF204K01K15,INF204K01K15,Ion Exchange (India) Ltd,INE570A01022,7161360.0,0.0,0.36605,Industrials
INF204K01K15,INF204K01K15,Kaynes Technology India Ltd,INE918Z01012,438322.0,0.0,0.35093,Technology
INF204K01K15,INF204K01K15,Godrej Agrovet Ltd Ordinary Shares,INE850D01014,4021039.0,0.0,0.34864,Consumer Defensive
INF204K01K15,INF204K01K15,Linde India Ltd,INE473A01011,400000.0,0.0,0.34801,Basic Materials
INF204K01K15,INF204K01K15,MTAR Technologies Ltd,INE864I01014,929732.0,0.0,0.34336,Industrials
INF204K01K15,INF204K01K15,Esab India Ltd,INE284A01012,411697.0,0.0,0.33983,Industrials
INF204K01K15,INF204K01K15,Styrenix Performance Materials Ltd,INE189B01011,1109890.0,0.0,0.33801,Basic Materials
INF204K01K15,INF204K01K15,Bharat Dynamics Ltd Ordinary Shares,INE171Z01026,1526498.0,0.0,0.33695,Industrials
INF204K01K15,INF204K01K15,Sapphire Foods India Ltd,INE806T01020,9282220.0,0.0,0.33665,Consumer Cyclical
INF204K01K15,INF204K01K15,Delhivery Ltd,INE148O01028,5367117.0,0.0,0.33359,Industrials
INF204K01K15,INF204K01K15,NTPC Green Energy Ltd,INE0ONG01011,23726821.0,0.0,0.32854,Utilities
INF204K01K15,INF204K01K15,CARE Ratings Ltd,INE752H01013,1476822.0,0.0,0.32779,Financial Services
INF204K01K15,INF204K01K15,Orient Electric Ltd Ordinary Shares,INE142Z01019,11417271.0,36434.0,0.32371,Consumer Cyclical
INF204K01K15,INF204K01K15,Metropolis Healthcare Ltd,INE112L01020,1145336.0,0.0,0.32253,Healthcare
INF204K01K15,INF204K01K15,TTK Prestige Ltd,INE690A01028,3430809.0,0.0,0.32206,Consumer Cyclical
INF204K01K15,INF204K01K15,Finolex Cables Ltd,INE235A01022,2918506.0,0.0,0.31885,Industrials
INF204K01K15,INF204K01K15,RITES Ltd Ordinary Shares,INE320J01015,9200000.0,0.0,0.31801,Industrials
INF204K01K15,INF204K01K15,Honda India Power Products Ltd,INE634A01018,894730.0,0.0,0.31421,Industrials
INF204K01K15,INF204K01K15,Afcons Infrastructure Ltd,INE101I01011,5229686.0,0.0,0.30819,Industrials
INF204K01K15,INF204K01K15,PVR INOX Ltd,INE191H01014,1964676.0,0.0,0.30597,Communication Services
INF204K01K15,INF204K01K15,Bajaj Consumer Care Ltd,INE933K01021,7793942.0,0.0,0.30387,Consumer Defensive
INF204K01K15,INF204K01K15,Grindwell Norton Ltd,INE536A01023,1333272.0,0.0,0.30246,Industrials
INF204K01K15,INF204K01K15,Lemon Tree Hotels Ltd,INE970X01018,13032739.0,0.0,0.30081,Consumer Cyclical
INF204K01K15,INF204K01K15,Astra Microwave Products Ltd,INE386C01029,2200000.0,0.0,0.29914,Technology
INF204K01K15,INF204K01K15,CIE Automotive India Ltd,INE536H01010,4966784.0,0.0,0.29813,Consumer Cyclical
INF204K01K15,INF204K01K15,PG Electroplast Ltd,INE457L01029,3451480.0,0.0,0.29742,Technology
INF204K01K15,INF204K01K15,Aditya Birla Sun Life AMC Ltd,INE404A01024,2700000.0,0.0,0.28954,Financial Services
INF204K01K15,INF204K01K15,Dr. Lal PathLabs Ltd,INE600L01024,645485.0,0.0,0.28727,Healthcare
INF204K01K15,INF204K01K15,H.G. Infra Engineering Ltd Ordinary Shares,INE926X01010,2214923.0,0.0,0.27948,Industrials
INF204K01K15,INF204K01K15,CESC Ltd,INE486A01021,11188202.0,0.0,0.27816,Utilities
INF204K01K15,INF204K01K15,Schaeffler India Ltd,INE513A01022,484271.0,0.0,0.27539,Consumer Cyclical
INF204K01K15,INF204K01K15,Zensar Technologies Ltd,INE520A01027,2496604.0,0.0,0.27294,Technology
INF204K01K15,INF204K01K15,FSN E-Commerce Ventures Ltd,INE388Y01029,6994008.0,0.0,0.27264,Consumer Cyclical
INF204K01K15,INF204K01K15,Aarti Industries Ltd,INE769A01020,4813495.0,0.0,0.26836,Basic Materials
INF204K01K15,INF204K01K15,Narayana Hrudayalaya Ltd,INE410P01011,944173.0,0.0,0.26788,Healthcare
INF204K01K15,INF204K01K15,Deepak Nitrite Ltd,INE288B01029,1175325.0,0.0,0.26714,Basic Materials
INF204K01K15,INF204K01K15,Belrise Industries Ltd,INE894V01022,10728130.0,0.0,0.2622,Consumer Cyclical
INF204K01K15,INF204K01K15,Ambuja Cements Ltd,INE079A01024,3250000.0,0.0,0.26077,Basic Materials
INF204K01K15,INF204K01K15,Chambal Fertilisers & Chemicals Ltd,INE085A01013,4057980.0,0.0,0.26047,Basic Materials
INF204K01K15,INF204K01K15,FDC Ltd,INE258B01022,4275331.0,0.0,0.25837,Healthcare
INF204K01K15,INF204K01K15,J.B. Chemicals & Pharmaceuticals Ltd,INE572A01036,991107.0,0.0,0.25602,Healthcare
INF204K01K15,INF204K01K15,L.G.Balakrishnan & Bros Ltd,INE337A01034,890918.0,0.0,0.25485,Consumer Cyclical
INF204K01K15,INF204K01K15,AAVAS Financiers Ltd,INE216P01012,1113911.0,0.0,0.25122,Financial Services
INF204K01K15,INF204K01K15,UTI Asset Management Co Ltd,INE094J01016,1509207.0,0.0,0.25115,Financial Services
INF204K01K15,INF204K01K15,Castrol India Ltd,INE172A01027,8949322.0,0.0,0.25091,Energy
INF204K01K15,INF204K01K15,Inox Wind Ltd,INE066P01011,12720455.0,-7279545.0,0.2495,Industrials
INF204K01K15,INF204K01K15,Brigade Enterprises Ltd,INE791I01019,1832799.0,0.0,0.23924,Real Estate
INF204K01K15,INF204K01K15,DOMS Industries Ltd,INE321T01012,650911.0,0.0,0.23826,Industrials
INF204K01K15,INF204K01K15,Sansera Engineering Ltd,INE953O01021,929316.0,0.0,0.23705,Consumer Cyclical
INF204K01K15,INF204K01K15,Harsha Engineers International Ltd,INE0JUS01029,4136864.0,0.0,0.23498,Industrials
INF204K01K15,INF204K01K15,Praj Industries Ltd,INE074A01025,5051724.0,0.0,0.23295,Industrials
INF204K01K15,INF204K01K15,Piramal Finance Ltd,INE202B01038,1015184.0,100818.0,0.22928,Financial Services
INF204K01K15,INF204K01K15,Leela Palaces Hotels and Resorts Ltd,INE0AQ201015,3688067.0,0.0,0.22146,Consumer Cyclical
INF204K01K15,INF204K01K15,Data Patterns (India) Ltd,INE0IX101010,508571.0,0.0,0.22033,Industrials
INF204K01K15,INF204K01K15,Canara Robeco Asset Management Co Ltd,INE218I01013,4958862.0,0.0,0.21944,Financial Services
INF204K01K15,INF204K01K15,IndusInd Bank Ltd,INE095A01012,1750000.0,1000000.0,0.21911,Financial Services
INF204K01K15,INF204K01K15,Bajaj Electricals Ltd,INE193E01025,3092715.0,0.0,0.2171,Consumer Cyclical
INF204K01K15,INF204K01K15,Vindhya Telelinks Ltd,INE707A01012,974823.0,-875.0,0.21554,Industrials
INF204K01K15,INF204K01K15,LIC Housing Finance Ltd,INE115A01026,2678310.0,0.0,0.21447,Financial Services
INF204K01K15,INF204K01K15,ACME Solar Holdings Ltd,INE622W01025,6350264.0,0.0,0.21314,Utilities
INF204K01K15,INF204K01K15,Texmaco Rail & Engineering Ltd,INE621L01012,11408783.0,0.0,0.21311,Industrials
INF204K01K15,INF204K01K15,Can Fin Homes Ltd,INE477A01020,1644260.0,0.0,0.2121,Financial Services
INF204K01K15,INF204K01K15,West Coast Paper Mills Ltd,INE976A01021,3359187.0,0.0,0.21106,Basic Materials
INF204K01K15,INF204K01K15,Sumitomo Chemical India Ltd Ordinary Shares,INE258G01013,3047181.0,595284.0,0.20708,Basic Materials
INF204K01K15,INF204K01K15,Sandhar Technologies Ltd Ordinary Shares,INE278H01035,2482877.0,-72569.0,0.20279,Consumer Cyclical
INF204K01K15,INF204K01K15,Vesuvius India Ltd,INE386A01023,2880000.0,0.0,0.20053,Industrials
INF204K01K15,INF204K01K15,Automotive Axles Ltd,INE449A01011,759930.0,0.0,0.19846,Consumer Cyclical
INF204K01K15,INF204K01K15,Gujarat Fluorochemicals Ltd Ordinary Shares,INE09N301011,396772.0,-13812.0,0.19809,Basic Materials
INF204K01K15,INF204K01K15,G R Infraprojects Ltd,INE201P01022,1191114.0,0.0,0.18671,Industrials
INF204K01K15,INF204K01K15,LMW Ltd,INE269B01029,84041.0,0.0,0.18446,Industrials
INF204K01K15,INF204K01K15,Jindal Saw Ltd,INE324A01032,7567590.0,0.0,0.17963,Basic Materials
INF204K01K15,INF204K01K15,Max Estates Ltd,INE03EI01018,2510461.0,0.0,0.17745,Real Estate
INF204K01K15,INF204K01K15,Just Dial Ltd,INE599M01018,1627157.0,0.0,0.17497,Communication Services
INF204K01K15,INF204K01K15,KEC International Ltd,INE389H01022,1730868.0,0.0,0.17309,Industrials
INF204K01K15,INF204K01K15,Sanofi Consumer Healthcare India Ltd,INE0UOS01011,251260.0,0.0,0.17074,Healthcare
INF204K01K15,INF204K01K15,JSW Cement Ltd,INE718I01012,10098996.0,0.0,0.16898,Basic Materials
INF204K01K15,INF204K01K15,Sonata Software Ltd,INE269A01021,3158666.0,0.0,0.16463,Technology
INF204K01K15,INF204K01K15,Greenlam Industries Ltd,INE544R01021,4422876.0,0.0,0.16289,Consumer Cyclical
INF204K01K15,INF204K01K15,Go Fashion (India) Ltd,INE0BJS01011,2153531.0,0.0,0.16277,Consumer Cyclical
INF204K01K15,INF204K01K15,Raymond Lifestyle Ltd,INE02ID01020,990674.0,0.0,0.16145,Consumer Cyclical
INF204K01K15,INF204K01K15,Birlasoft Ltd,INE836A01035,2901558.0,0.0,0.16088,Technology
INF204K01K15,INF204K01K15,Sudarshan Chemical Industries Ltd,INE659A01023,1083578.0,0.0,0.16012,Basic Materials
INF204K01K15,INF204K01K15,Bajel Projects Ltd,INE0KQN01018,6150393.0,0.0,0.15944,Utilities
INF204K01K15,INF204K01K15,NIIT Ltd,INE161A01038,11111066.0,0.0,0.15583,Consumer Defensive
INF204K01K15,INF204K01K15,CreditAccess Grameen Ltd Ordinary Shares,INE741K01010,793984.0,-540811.0,0.15482,Financial Services
INF204K01K15,INF204K01K15,Rainbow Childrens Medicare Ltd,INE961O01016,785051.0,0.0,0.1547,Healthcare
INF204K01K15,INF204K01K15,Fujiyama Power Systems Ltd,INE12UR01024,4995237.0,4995237.0,0.15253,Technology
INF204K01K15,INF204K01K15,Campus Activewear Ltd,INE278Y01022,3732265.0,0.0,0.15017,Consumer Cyclical
INF204K01K15,INF204K01K15,Vedant Fashions Ltd,INE825V01034,1628500.0,0.0,0.14443,Consumer Cyclical
INF204K01K15,INF204K01K15,Sharda Motor Industries Ltd,INE597I01028,1035976.0,0.0,0.14117,Consumer Cyclical
INF204K01K15,INF204K01K15,Sanofi India Ltd,INE058A01010,213992.0,0.0,0.13693,Healthcare
INF204K01K15,INF204K01K15,Blue Dart Express Ltd,INE233B01017,163428.0,0.0,0.1363,Industrials
INF204K01K15,INF204K01K15,RHI Magnesita India Ltd,INE743M01012,1984176.0,0.0,0.13435,Industrials
INF204K01K15,INF204K01K15,KPIT Technologies Ltd,INE04I401011,743419.0,0.0,0.13253,Technology
INF204K01K15,INF204K01K15,Equitas Small Finance Bank Ltd Ordinary Shares,INE063P01018,13733036.0,0.0,0.12849,Financial Services
INF204K01K15,INF204K01K15,Seamec Ltd,INE497B01018,911479.0,0.0,0.12772,Industrials
INF204K01K15,INF204K01K15,Mishra Dhatu Nigam Ltd Ordinary Shares,INE099Z01011,2589175.0,0.0,0.12411,Basic Materials
INF204K01K15,INF204K01K15,Subros Ltd,INE287B01021,968256.0,0.0,0.1208,Consumer Cyclical
INF204K01K15,INF204K01K15,PNC Infratech Ltd,INE195J01029,3282291.0,0.0,0.11842,Industrials
INF204K01K15,INF204K01K15,JK Lakshmi Cement Ltd,INE786A01032,1063054.0,0.0,0.11764,Basic Materials
INF204K01K15,INF204K01K15,Landmark Cars Ltd,INE559R01029,1510190.0,0.0,0.11761,Consumer Cyclical
INF204K01K15,INF204K01K15,Union Bank of India,INE692A01016,5115879.0,-4745679.0,0.11435,Financial Services
INF204K01K15,INF204K01K15,Venus Pipes & Tubes Ltd,INE0JA001018,600000.0,0.0,0.11132,Basic Materials
INF204K01K15,INF204K01K15,Kirloskar Ferrous Industries Ltd,INE884B01025,1532554.0,0.0,0.11042,Industrials
INF204K01K15,INF204K01K15,Protean eGov Technologies Ltd,INE004A01022,902883.0,0.0,0.10663,Technology
INF204K01K15,INF204K01K15,Archean Chemical Industries Ltd,INE128X01021,1373373.0,0.0,0.10256,Basic Materials
INF204K01K15,INF204K01K15,Saatvik Green Energy Ltd,INE13B501022,1685092.0,0.0,0.10102,Technology
INF204K01K15,INF204K01K15,Divgi TorqTransfer Systems Ltd,INE753U01022,1152910.0,0.0,0.09926,Consumer Cyclical
INF204K01K15,INF204K01K15,Indoco Remedies Ltd,INE873D01024,2594559.0,0.0,0.09692,Healthcare
INF204K01K15,INF204K01K15,Pokarna Ltd,INE637C01025,689983.0,0.0,0.09455,Industrials
INF204K01K15,INF204K01K15,3M India Ltd,INE470A01017,18138.0,0.0,0.09216,Industrials
INF204K01K15,INF204K01K15,Raymond Realty Ltd,INE1SY401010,1238343.0,0.0,0.09087,Real Estate
INF204K01K15,INF204K01K15,Urban Co Ltd,INE0CAZ01013,4600506.0,0.0,0.09059,Technology
INF204K01K15,INF204K01K15,Aditya Birla Fashion and Retail Ltd,INE647O01011,7755029.0,0.0,0.08838,Consumer Cyclical
INF204K01K15,INF204K01K15,IndiaMART InterMESH Ltd,INE933S01016,258952.0,0.0,0.08723,Communication Services
INF204K01K15,INF204K01K15,Raymond Ltd,INE301A01014,1238343.0,0.0,0.08718,Industrials
INF204K01K15,INF204K01K15,Sanathan Textiles Ltd,INE0JPD01013,1243351.0,0.0,0.08466,Consumer Cyclical
INF204K01K15,INF204K01K15,Rishabh Instruments Ltd,INE0N2P01017,1346725.0,0.0,0.08369,Technology
INF204K01K15,INF204K01K15,Stanley Lifestyles Ltd,INE01A001028,2526912.0,0.0,0.0826,Consumer Cyclical
INF204K01K15,INF204K01K15,Bata India Ltd,INE176A01028,560908.0,0.0,0.08173,Consumer Cyclical
INF204K01K15,INF204K01K15,Polyplex Corp Ltd,INE633B01018,657517.0,0.0,0.0799,Basic Materials
INF204K01K15,INF204K01K15,Cyient DLM Ltd,INE055S01018,1256139.0,0.0,0.07861,Technology
INF204K01K15,INF204K01K15,P N Gadgil Jewellers Ltd,INE953R01016,768920.0,0.0,0.0706,Consumer Cyclical
INF204K01K15,INF204K01K15,Aeroflex Industries Ltd,INE024001021,2431354.0,0.0,0.06619,Industrials
INF204K01K15,INF204K01K15,National Securities Depository Ltd,INE301O01023,401313.0,0.0,0.06528,Financial Services
INF204K01K15,INF204K01K15,Astec Lifesciences Ltd,INE563J01010,526867.0,0.0,0.06438,Basic Materials
INF204K01K15,INF204K01K15,Fineotex Chemical Ltd,INE045J01034,14829218.0,-2958972.0,0.05443,Basic Materials
INF204K01K15,INF204K01K15,Aditya Infotech Ltd,INE819V01029,233252.0,-35684.0,0.05218,Industrials
INF204K01K15,INF204K01K15,SIS Ltd Ordinary Shares,INE285J01028,1021867.0,0.0,0.04907,Industrials
INF204K01K15,INF204K01K15,Apeejay Surrendra Park Hotels Ltd,INE988S01028,2274522.0,-455663.0,0.04586,Consumer Cyclical
INF204K01K15,INF204K01K15,Studds Accessories Ltd,INE00Q601028,550557.0,37732.0,0.04397,Consumer Cyclical
INF204K01K15,INF204K01K15,R K Swamy Ltd,INE0NQ801033,1735629.0,-49011.0,0.03084,Communication Services
INF204K01K15,INF204K01K15,Credo Brands Marketing Ltd,INE220Q01020,1037642.0,0.0,0.01515,Consumer Cyclical
INF204K01K15,INF204K01K15,Vishal Mega Mart Ltd,INE01EA01019,430791.0,-19569209.0,0.00853,Consumer Cyclical
INF204K01K15,INF204K01K15,Honeywell Automation India Ltd,INE671A01010,0.0,-26553.0,0.0,Industrials
INF204K01K15,INF204K01K15,Wonderla Holidays Ltd,INE066O01014,0.0,-528469.0,0.0,Consumer Cyclical
INF204K01K15,INF204K01K15,JK Tyre & Industries Ltd,INE573A01042,0.0,-600000.0,0.0,Consumer Cyclical
INF204K01K15,INF204K01K15,Sheela Foam Ltd,INE916U01025,0.0,-343844.0,0.0,Consumer Cyclical
INF204K01K15,INF204K01K15,HCL Technologies Ltd,INE860A01027,0.0,-1000000.0,0.0,Technology
