,trend_score,appearances,current_shares,share_change,newly_entered,exited,has_changes,funds,funds_entered,funds_exited,funds_entered_count,funds_exited_count,current_shares_count,share_change_count
Lumax Auto Technologies Ltd,0,2,1390520.0,-1.0556590674821889,False,False,True,"HDFC Small Cap Fund,SBI Small Cap Fund",,,0,0,2,2
Aditya Infotech Ltd,1,5,408475.2,0.8598024005878993,False,True,True,"Franklin Small Cap Fund,HDFC Small Cap Fund,Kotak Small Cap Fund,Nippon Small Cap Fund,SBI Small Cap Fund",Kotak Small Cap Fund,SBI Small Cap Fund,1,1,5,4
Sagility Ltd,1,5,16585048.8,2.1319754306187138,False,False,True,"Canara Robeco Small Cap Fund,Kotak Small Cap Fund,Motilal Oswal Small Cap Fund,Nippon Small Cap Fund,SBI Small Cap Fund",Motilal Oswal Small Cap Fund,,1,0,5,4
Cholamandalam Financial Holdings Ltd,0,6,1147910.1666666667,0.0709928779944796,False,False,True,"Canara Robeco Small Cap Fund,Franklin Small Cap Fund,Kotak Small Cap Fund,Motilal Oswal Small Cap Fund,Nippon Small Cap Fund,SBI Small Cap Fund",,,0,0,6,6
Triveni Engineering & Industries Ltd,0,1,1020656.0,0.0,False,False,,SBI Small Cap Fund,,,0,0,1,0
Usha Martin Ltd,1,3,7650171.0,33.36870606180546,True,False,True,"Axis Small Cap Fund,Navi Small Cap Fund,SBI Small Cap Fund",SBI Small Cap Fund,,1,0,3,3
Signatureglobal (India) Ltd,0,1,728063.0,0.0,False,False,,SBI Small Cap Fund,,,0,0,1,0
Grasim Industries Ltd,0,1,300598.0,0.0,False,False,True,SBI Small Cap Fund,,,0,0,1,0
Apeejay Surrendra Park Hotels Ltd,0,3,5386533.333333333,-5.156229091899639,False,False,True,"Axis Small Cap Fund,HDFC Small Cap Fund,SBI Small Cap Fund",,,0,0,3,3
Max Estates Ltd,0,3,1466050.6666666667,97.8465258923443,False,False,True,"Franklin Small Cap Fund,HDFC Small Cap Fund,SBI Small Cap Fund",,,0,0,3,3
Pennar Industries Ltd,0,1,1776136.0,64.33500308104537,False,False,True,SBI Small Cap Fund,,,0,0,1,1
Finolex Cables Ltd,1,4,1431169.5,0.020672677504631937,True,False,True,"HDFC Small Cap Fund,Motilal Oswal Small Cap Fund,Navi Small Cap Fund,SBI Small Cap Fund",SBI Small Cap Fund,,1,0,4,3
Bajel Projects Ltd,1,2,3145437.0,10.824291441882213,True,False,True,"HDFC Small Cap Fund,SBI Small Cap Fund",SBI Small Cap Fund,,1,0,2,2
Metropolis Healthcare Ltd,0,2,644165.5,6.140316438302383,False,False,True,"HDFC Small Cap Fund,SBI Small Cap Fund",,,0,0,2,2
Keystone Realtors Ltd,0,3,3184677.0,0.0,False,False,True,"Axis Small Cap Fund,Navi Small Cap Fund,SBI Small Cap Fund",,,0,0,3,2
Redington Ltd,0,3,6939345.666666667,59.407066324271675,False,False,True,"Mirae Small Cap Fund,Navi Small Cap Fund,SBI Small Cap Fund",,,0,0,3,3
Radico Khaitan Ltd,0,5,695537.8,-1.0313238730911607,False,True,True,"Canara Robeco Small Cap Fund,HDFC Small Cap Fund,Motilal Oswal Small Cap Fund,Nippon Small Cap Fund,SBI Small Cap Fund",,SBI Small Cap Fund,0,1,5,4
Nuvama Wealth Management Ltd,0,1,552455.0,400.0,False,False,True,SBI Small Cap Fund,,,0,0,1,1
Jindal Saw Ltd,0,3,3488917.6666666665,8.1264989361984,False,False,True,"HDFC Small Cap Fund,Motilal Oswal Small Cap Fund,SBI Small Cap Fund",,,0,0,3,3
Eternal Ltd,0,3,3306145.0,1.4282123351842966,False,False,True,"Canara Robeco Small Cap Fund,Franklin Small Cap Fund,SBI Small Cap Fund",,,0,0,3,3
LIC Housing Finance Ltd,1,2,1714256.0,0.0,True,False,True,"HDFC Small Cap Fund,SBI Small Cap Fund",SBI Small Cap Fund,,1,0,2,1
JK Tyre & Industries Ltd,0,4,2283355.0,-5.58781844782033,False,False,True,"HDFC Small Cap Fund,Mirae Small Cap Fund,Motilal Oswal Small Cap Fund,SBI Small Cap Fund",,HDFC Small Cap Fund,0,1,4,4
Electronics Mart India Ltd,0,2,3747289.0,9.202352946279197,False,False,True,"Nippon Small Cap Fund,SBI Small Cap Fund",,,0,0,2,2
Skipper Ltd,1,1,490241.0,0.0,True,False,True,SBI Small Cap Fund,SBI Small Cap Fund,,1,0,1,0
Satin Creditcare Network Ltd,0,1,1543801.0,0.0,False,False,,SBI Small Cap Fund,,,0,0,1,0
JSW Energy Ltd,0,0,0.0,0.0,False,False,,,,,0,0,0,0
Saatvik Green Energy Ltd,0,2,2571074.0,25.70176833137786,False,False,True,"HDFC Small Cap Fund,SBI Small Cap Fund",,,0,0,2,2
Ramco Cements Ltd,0,2,2680654.0,2.04067595837923,False,False,True,"HDFC Small Cap Fund,SBI Small Cap Fund",,,0,0,2,2
Juniper Hotels Ltd,0,2,4483483.5,4.566648777581189,False,False,True,"Axis Small Cap Fund,SBI Small Cap Fund",,,0,0,2,2
Vikram Solar Ltd,0,1,2372829.0,120.34293514597726,False,False,True,SBI Small Cap Fund,,,0,0,1,1
P N Gadgil Jewellers Ltd,0,3,1218816.3333333333,4.3120760211722,False,False,True,"HDFC Small Cap Fund,Kotak Small Cap Fund,SBI Small Cap Fund",,,0,0,3,3
Blackbuck Ltd,0,2,261956.5,0.0,False,False,True,"Canara Robeco Small Cap Fund,SBI Small Cap Fund",,,0,0,2,1
Dam Capital Advisors Ltd,0,1,172927.0,0.0,False,False,,SBI Small Cap Fund,,,0,0,1,0
JK Lakshmi Cement Ltd,0,5,1777190.8,0.0,False,False,,"Canara Robeco Small Cap Fund,Franklin Small Cap Fund,HDFC Small Cap Fund,Nippon Small Cap Fund,SBI Small Cap Fund",,,0,0,5,4
Tata Communications Ltd,0,1,590136.0,0.0,False,False,,SBI Small Cap Fund,,,0,0,1,0
Jubilant Ingrevia Ltd Ordinary Shares,1,3,1332995.0,0.0,False,False,,"HDFC Small Cap Fund,Nippon Small Cap Fund,SBI Small Cap Fund",HDFC Small Cap Fund,,1,0,3,2
NLC India Ltd,0,2,14405876.5,0.0,False,False,,"HDFC Small Cap Fund,SBI Small Cap Fund",,,0,0,2,1
E2E Networks Ltd Ordinary Shares,0,1,316000.0,0.9584664536741214,False,False,True,SBI Small Cap Fund,,,0,0,1,1
Medplus Health Services Ltd,0,1,424694.0,0.0,False,False,True,SBI Small Cap Fund,,,0,0,1,0
Vintage Coffee & Beverages Ltd,0,1,6026993.0,0.0,False,False,,SBI Small Cap Fund,,,0,0,1,0
Digitide Solutions Ltd,0,3,2787392.6666666665,0.0,False,False,,"Axis Small Cap Fund,Navi Small Cap Fund,SBI Small Cap Fund",,,0,0,3,2
Finbud Financial Services Ltd,1,1,435000.0,0.0,True,False,True,SBI Small Cap Fund,SBI Small Cap Fund,,1,0,1,0
REC Ltd,0,1,18136186.0,26.17841260891786,False,False,True,SBI Small Cap Fund,,,0,0,1,1
MOIL Ltd,0,1,277970.0,0.0,False,False,,SBI Small Cap Fund,,,0,0,1,0
GMM Pfaudler Ltd,0,2,1224268.5,2.4258027789996635,False,False,True,"Mirae Small Cap Fund,SBI Small Cap Fund",,,0,0,2,2
Samvardhana Motherson International Ltd,0,3,19602566.0,10.883588048302624,False,False,True,"Axis Small Cap Fund,HDFC Small Cap Fund,SBI Small Cap Fund",,,0,0,3,2
Arvind Fashions Ltd,0,2,1588480.5,4.798304858069478,False,False,True,"Nippon Small Cap Fund,SBI Small Cap Fund",,,0,0,2,2
Amber Enterprises India Limited January 2026 Future,1,1,12000.0,33.33333333333333,True,False,True,SBI Small Cap Fund,SBI Small Cap Fund,,1,0,1,1
Jyoti CNC Automation Ltd,0,4,1192004.5,0.0,False,False,,"Franklin Small Cap Fund,Motilal Oswal Small Cap Fund,Nippon Small Cap Fund,SBI Small Cap Fund",,,0,0,4,3
Spicejet Ltd,0,1,15028063.0,0.0,False,False,,SBI Small Cap Fund,,,0,0,1,0
Piramal Pharma Ltd,0,1,9776924.0,23.649719892064603,False,False,True,SBI Small Cap Fund,,,0,0,1,1
Vidya Wires Ltd,1,1,7208987.0,0.0,True,False,True,SBI Small Cap Fund,SBI Small Cap Fund,,1,0,1,0
Power Finance Corp Ltd,0,1,4516755.0,0.6686346814122902,False,False,True,SBI Small Cap Fund,,,0,0,1,1
Orient Electric Ltd Ordinary Shares,0,3,6194315.666666667,3.7223169710120376,False,False,True,"HDFC Small Cap Fund,Nippon Small Cap Fund,SBI Small Cap Fund",,,0,0,3,3
GK Energy Ltd,0,1,244013.0,0.0,False,False,True,SBI Small Cap Fund,,,0,0,1,0
Punjab National Bank,0,0,0.0,0.0,False,False,,,,,0,0,0,0
Vedant Fashions Ltd,0,2,959186.5,0.0,False,False,,"HDFC Small Cap Fund,SBI Small Cap Fund",,,0,0,2,1
Bharat Forge Ltd,0,1,0.0,0.0,False,True,True,SBI Small Cap Fund,,SBI Small Cap Fund,0,1,1,0
Blue Star Ltd,0,5,1001565.4,0.0,False,False,,"Canara Robeco Small Cap Fund,HDFC Small Cap Fund,Motilal Oswal Small Cap Fund,Nippon Small Cap Fund,SBI Small Cap Fund",,Motilal Oswal Small Cap Fund,0,1,5,4
Mayur Uniquoters Ltd,0,1,275048.0,0.0,False,False,,SBI Small Cap Fund,,,0,0,1,0
Amara Raja Energy & Mobility Ltd,0,1,905999.0,0.0,False,False,,SBI Small Cap Fund,,,0,0,1,0
Sapphire Foods India Ltd,0,2,5278972.0,0.0,False,False,,"HDFC Small Cap Fund,SBI Small Cap Fund",,,0,0,2,1
Aegis Vopak Terminals Ltd,0,2,2414594.0,10.712578087417288,False,False,True,"Kotak Small Cap Fund,SBI Small Cap Fund",,,0,0,2,2
Poly Medicure Ltd,0,2,1745385.0,94.56835036437295,False,False,True,"Axis Small Cap Fund,SBI Small Cap Fund",,,0,0,2,2
Rishabh Instruments Ltd,0,3,1114414.6666666667,0.0,False,False,,"Axis Small Cap Fund,HDFC Small Cap Fund,SBI Small Cap Fund",,,0,0,3,2
Butterfly Gandhimathi Appliances Ltd,0,1,51013.0,0.0,False,False,,SBI Small Cap Fund,,,0,0,1,0
Fedbank Financial Services Ltd,0,1,7078702.0,-2.2476529265832257,False,False,True,SBI Small Cap Fund,,,0,0,1,1
Kolte-Patil Developers Ltd,0,1,2144741.0,0.0,False,False,,SBI Small Cap Fund,,,0,0,1,0
Sky Gold and Diamonds Ltd,0,2,2842631.5,65.82533457975693,False,False,True,"Kotak Small Cap Fund,SBI Small Cap Fund",,,0,0,2,2
Kilburn Engineering Ltd,0,1,889647.0,0.0,False,False,,SBI Small Cap Fund,,,0,0,1,0
Exide Industries Ltd,0,1,572070.0,0.0,False,False,,SBI Small Cap Fund,,,0,0,1,0
Nephrocare Health Services Ltd,1,1,217408.0,0.0,True,False,True,SBI Small Cap Fund,SBI Small Cap Fund,,1,0,1,0
TBO Tek Ltd,1,4,1168186.0,8.300359576932914,False,False,True,"Canara Robeco Small Cap Fund,HDFC Small Cap Fund,Nippon Small Cap Fund,SBI Small Cap Fund",Canara Robeco Small Cap Fund,,1,0,4,3
Ventive Hospitality Ltd,0,2,4301999.5,151.09309500889538,False,False,True,"Axis Small Cap Fund,SBI Small Cap Fund",,,0,0,2,2
Innova Captab Ltd,0,3,297294.0,-50.0,False,False,,"Canara Robeco Small Cap Fund,Franklin Small Cap Fund,SBI Small Cap Fund",,Canara Robeco Small Cap Fund,0,1,3,2
Godawari Power & Ispat Ltd,0,1,5479697.0,6.4081440131332,False,False,True,SBI Small Cap Fund,,,0,0,1,1
Jupiter Wagons Ltd,0,1,2365773.0,0.6380879821233271,False,False,True,SBI Small Cap Fund,,,0,0,1,1
EFC (I) Ltd,0,1,2142863.0,10.010970997446945,False,False,True,SBI Small Cap Fund,,,0,0,1,1
The South Indian Bank Ltd,0,1,106218390.0,0.0,False,False,True,SBI Small Cap Fund,,,0,0,1,0
Trualt Bioenergy Ltd,0,2,704540.0,0.0,False,False,True,"Franklin Small Cap Fund,SBI Small Cap Fund",,,0,0,2,1
Windlas Biotech Ltd,0,1,131172.0,15.367769285569793,False,False,True,SBI Small Cap Fund,,,0,0,1,1
Marksans Pharma Ltd,0,1,3335509.0,0.0,False,False,,SBI Small Cap Fund,,,0,0,1,0
LT Foods Ltd,0,1,10864095.0,15.466166657756661,False,False,True,SBI Small Cap Fund,,,0,0,1,1
TARC Ltd Ordinary Shares,0,1,13359603.0,5.424729083538323,False,False,True,SBI Small Cap Fund,,,0,0,1,1
Sudeep Pharma Ltd,2,2,658306.5,253.2062055796841,True,False,True,"Nippon Small Cap Fund,SBI Small Cap Fund","Nippon Small Cap Fund,SBI Small Cap Fund",,2,0,2,1
Strides Pharma Science Ltd,0,3,1918165.3333333333,3.2176611584298533,False,False,True,"Axis Small Cap Fund,Nippon Small Cap Fund,SBI Small Cap Fund",,,0,0,3,2
KEC International Ltd,0,5,2027096.0,4.709147491594045,False,False,True,"HDFC Small Cap Fund,Kotak Small Cap Fund,Mirae Small Cap Fund,Motilal Oswal Small Cap Fund,SBI Small Cap Fund",,,0,0,5,5
Stove Kraft Ltd Ordinary Shares,0,1,1109577.0,0.0,False,False,True,SBI Small Cap Fund,,,0,0,1,0
CESC Ltd,1,3,6629700.333333333,0.0,False,False,,"HDFC Small Cap Fund,Nippon Small Cap Fund,SBI Small Cap Fund",Nippon Small Cap Fund,,1,0,3,2
Rashi Peripherals Ltd,0,1,4633009.0,0.12268408663999039,False,False,True,SBI Small Cap Fund,,,0,0,1,1
Acutaas Chemicals Ltd,1,1,52665.0,0.0,True,False,True,SBI Small Cap Fund,SBI Small Cap Fund,,1,0,1,0
Amber Enterprises India Ltd Ordinary Shares,0,4,242655.5,-1.976707606803077,False,False,True,"Franklin Small Cap Fund,Motilal Oswal Small Cap Fund,Nippon Small Cap Fund,SBI Small Cap Fund",,,0,0,4,3
Ethos Ltd,0,3,252861.33333333334,0.0,False,False,True,"Axis Small Cap Fund,Franklin Small Cap Fund,SBI Small Cap Fund",,,0,0,3,2
RHI Magnesita India Ltd,0,3,2449860.3333333335,2.02131738846087,False,False,True,"HDFC Small Cap Fund,Nippon Small Cap Fund,SBI Small Cap Fund",,,0,0,3,3
Steel Strips Wheels Ltd,0,1,1695943.0,49.0227522158653,False,False,True,SBI Small Cap Fund,,,0,0,1,1
UPL Ltd,0,1,0.0,-100.0,False,True,True,SBI Small Cap Fund,,SBI Small Cap Fund,0,1,1,1
Aptus Value Housing Finance India Ltd,0,3,4047772.6666666665,10.789254882347032,False,False,True,"Axis Small Cap Fund,Nippon Small Cap Fund,SBI Small Cap Fund",,,0,0,3,3
Aditya Birla Real Estate Ltd,0,6,851728.5,8.867856491736445,False,False,True,"Franklin Small Cap Fund,HDFC Small Cap Fund,Kotak Small Cap Fund,Motilal Oswal Small Cap Fund,Nippon Small Cap Fund,SBI Small Cap Fund",,,0,0,6,6
Krsnaa Diagnostics Ltd,0,2,1576218.0,0.0,False,False,,"Navi Small Cap Fund,SBI Small Cap Fund",,,0,0,2,1
Artemis Medicare Services Ltd Ordinary Shares,0,1,609551.0,0.0,False,False,,SBI Small Cap Fund,,,0,0,1,0
Landmark Cars Ltd,0,2,874261.5,0.0,False,False,,"HDFC Small Cap Fund,SBI Small Cap Fund",,,0,0,2,1
Mahindra Lifespace Developers Ltd,0,2,2562849.5,1.4658473846568127,False,False,True,"Nippon Small Cap Fund,SBI Small Cap Fund",,,0,0,2,2
OneSource Specialty Pharma Ltd,0,3,446986.6666666667,2.336776183577137,False,False,True,"Axis Small Cap Fund,Nippon Small Cap Fund,SBI Small Cap Fund",,Axis Small Cap Fund,0,1,3,3
Time Technoplast Ltd,1,4,8809233.75,6.540731033578282,True,False,True,"Motilal Oswal Small Cap Fund,Navi Small Cap Fund,Nippon Small Cap Fund,SBI Small Cap Fund",SBI Small Cap Fund,,1,0,4,4
Wakefit Innovations Ltd,2,2,630136.5,0.0,True,False,True,"Mirae Small Cap Fund,SBI Small Cap Fund","Mirae Small Cap Fund,SBI Small Cap Fund",,2,0,2,1
Bluspring Enterprises Ltd,0,2,4624440.0,0.0,False,False,,"Navi Small Cap Fund,SBI Small Cap Fund",,,0,0,2,1
Greenply Industries Ltd,0,3,2744299.3333333335,-37.80669815490549,False,False,,"Canara Robeco Small Cap Fund,Navi Small Cap Fund,SBI Small Cap Fund",,,0,0,3,2
JK Paper Ltd,0,1,292911.0,30.009320905459386,False,False,True,SBI Small Cap Fund,,,0,0,1,1
Power Mech Projects Ltd,0,2,1273072.5,0.0,False,False,,"Mirae Small Cap Fund,SBI Small Cap Fund",,,0,0,2,1
AWL Agri Business Ltd,0,2,12265496.0,5.6035622793330555,False,False,True,"HDFC Small Cap Fund,SBI Small Cap Fund",,,0,0,2,2
Yatharth Hospital and Trauma Care Services Ltd,0,1,3812993.0,18.09374114411458,False,False,True,SBI Small Cap Fund,,,0,0,1,1
Quess Corp Ltd,0,2,5323366.0,4.824879837516428,False,False,True,"Navi Small Cap Fund,SBI Small Cap Fund",,,0,0,2,2
Pace Digitek Ltd,0,1,5049021.0,12.953489932885907,False,False,True,SBI Small Cap Fund,,,0,0,1,1
Birla Corp Ltd,0,3,1148643.3333333333,19.135447182863288,False,False,True,"Franklin Small Cap Fund,HDFC Small Cap Fund,SBI Small Cap Fund",,,0,0,3,3
General Insurance Corp of India,0,1,3530859.0,31.45739992121921,False,False,True,SBI Small Cap Fund,,,0,0,1,1
Apar Industries Ltd,0,7,324673.14285714284,0.0,False,False,,"Franklin Small Cap Fund,HDFC Small Cap Fund,Kotak Small Cap Fund,Mirae Small Cap Fund,Motilal Oswal Small Cap Fund,Nippon Small Cap Fund,SBI Small Cap Fund",,,0,0,7,6
Syrma SGS Technology Ltd,0,3,1414946.6666666667,11.545284698634982,False,False,True,"Kotak Small Cap Fund,Nippon Small Cap Fund,SBI Small Cap Fund",,,0,0,3,3
DCB Bank Ltd,1,3,9152649.0,12.304912112366372,False,False,True,"Kotak Small Cap Fund,Navi Small Cap Fund,SBI Small Cap Fund",Kotak Small Cap Fund,,1,0,3,2
Prestige Estates Projects Ltd,0,1,822793.0,0.0,False,False,,SBI Small Cap Fund,,,0,0,1,0
Godavari Biorefineries Ltd,0,1,351261.0,0.0,False,False,,SBI Small Cap Fund,,,0,0,1,0
Sobha Ltd,0,2,2892043.5,-6.996120291184695,False,False,True,"Motilal Oswal Small Cap Fund,SBI Small Cap Fund",,,0,0,2,2
Ecos (India) Mobility & Hospitality Ltd,0,1,1797916.0,16.094196956097814,False,False,True,SBI Small Cap Fund,,,0,0,1,1
Aditya Birla Sun Life AMC Ltd,0,2,1547572.5,-0.36527799061933963,False,False,True,"HDFC Small Cap Fund,SBI Small Cap Fund",,,0,0,2,2
R R Kabel Ltd,0,3,534421.3333333334,-6.262069572898279,False,False,True,"Navi Small Cap Fund,Nippon Small Cap Fund,SBI Small Cap Fund",,,0,0,3,3
Suryoday Small Finance Bank Ltd,0,1,1230637.0,1.5790251315097643,False,False,True,SBI Small Cap Fund,,,0,0,1,1
Styrenix Performance Materials Ltd,1,3,665397.0,2.464069994572872,True,False,True,"HDFC Small Cap Fund,Kotak Small Cap Fund,SBI Small Cap Fund",SBI Small Cap Fund,,1,0,3,3
Jyothy Labs Ltd,0,3,4679815.333333333,2.4150104065214735,False,False,True,"HDFC Small Cap Fund,Nippon Small Cap Fund,SBI Small Cap Fund",,,0,0,3,3
Vedanta Ltd,0,2,4272070.5,-7.318559864187657,False,False,True,"HDFC Small Cap Fund,SBI Small Cap Fund",,,0,0,2,2
KFin Technologies Ltd,0,4,2228439.0,0.0,False,False,,"HDFC Small Cap Fund,Motilal Oswal Small Cap Fund,Nippon Small Cap Fund,SBI Small Cap Fund",,,0,0,4,3
Computer Age Management Services Ltd Ordinary Shares,0,2,1684927.5,400.0,False,False,True,"Nippon Small Cap Fund,SBI Small Cap Fund",,,0,0,2,2
Orchid Pharma Ltd,0,3,1410561.0,1.8527016110301007,False,False,True,"Axis Small Cap Fund,Franklin Small Cap Fund,SBI Small Cap Fund",,,0,0,3,3
Archean Chemical Industries Ltd,0,2,1037703.0,0.0,False,False,,"HDFC Small Cap Fund,SBI Small Cap Fund",,,0,0,2,1
Sterlite Technologies Ltd,0,1,2328110.0,0.0,False,False,,SBI Small Cap Fund,,,0,0,1,0
PCBL Chemical Ltd,0,2,5234666.0,2.599698957322572,False,False,True,"Navi Small Cap Fund,SBI Small Cap Fund",,,0,0,2,2
Mastek Ltd,0,1,522483.0,62.23257922486012,False,False,True,SBI Small Cap Fund,,,0,0,1,1
Kirloskar Pneumatic Co Ltd,0,5,2086214.8,6.8523109651871525,False,False,True,"Canara Robeco Small Cap Fund,HDFC Small Cap Fund,Motilal Oswal Small Cap Fund,Navi Small Cap Fund,SBI Small Cap Fund",,,0,0,5,5
IndiaMART InterMESH Ltd,0,2,175899.0,6.035294401660913,False,False,True,"HDFC Small Cap Fund,SBI Small Cap Fund",,,0,0,2,2
VRL Logistics Ltd,0,2,7536340.0,0.0,False,False,True,"Mirae Small Cap Fund,SBI Small Cap Fund",,,0,0,2,1
Arvind SmartSpaces Ltd,0,1,1855127.0,9.848957661010967,False,False,True,SBI Small Cap Fund,,,0,0,1,1
Tilaknagar Industries Ltd,0,1,1465470.0,22.032196174830627,False,False,True,SBI Small Cap Fund,,,0,0,1,1
Flair Writing Industries Ltd,0,1,1081779.0,157.57256125145838,False,False,True,SBI Small Cap Fund,,,0,0,1,1
Zee Entertainment Enterprises Ltd,0,1,2443930.0,0.0,False,False,True,SBI Small Cap Fund,,,0,0,1,0
National Aluminium Co Ltd,1,2,2783551.5,-4.148471615720524,False,False,True,"Motilal Oswal Small Cap Fund,SBI Small Cap Fund",Motilal Oswal Small Cap Fund,,1,0,2,2
Brigade Hotel Ventures Ltd,0,1,3086606.0,14.93573278182957,False,False,True,SBI Small Cap Fund,,,0,0,1,1
Sai Life Sciences Ltd,0,6,2915777.0,-1.282541577666054,False,False,True,"Canara Robeco Small Cap Fund,Franklin Small Cap Fund,HDFC Small Cap Fund,Motilal Oswal Small Cap Fund,Nippon Small Cap Fund,SBI Small Cap Fund",,,0,0,6,6
Filatex India Ltd,0,1,3706973.0,0.8239500919171894,False,False,True,SBI Small Cap Fund,,,0,0,1,1
Neuland Laboratories Ltd,0,3,76300.0,0.0,False,False,True,"Canara Robeco Small Cap Fund,Motilal Oswal Small Cap Fund,SBI Small Cap Fund",,,0,0,3,2
Sansera Engineering Ltd,0,4,609232.25,0.0,False,False,True,"Canara Robeco Small Cap Fund,HDFC Small Cap Fund,Nippon Small Cap Fund,SBI Small Cap Fund",,,0,0,4,3
Clean Science and Technology Ltd,0,2,1717411.0,1.6952576212571422,False,False,True,"HDFC Small Cap Fund,SBI Small Cap Fund",,,0,0,2,1
Krishna Institute of Medical Sciences Ltd,0,6,5643108.333333333,6.641042776477744,False,False,True,"Canara Robeco Small Cap Fund,Franklin Small Cap Fund,HDFC Small Cap Fund,Mirae Small Cap Fund,Nippon Small Cap Fund,SBI Small Cap Fund",,,0,0,6,6
Alicon Castalloy Ltd,0,2,667775.0,0.0,False,False,True,"Nippon Small Cap Fund,SBI Small Cap Fund",,,0,0,2,1
PG Electroplast Ltd,0,5,1611517.6,2.8734964910756373,False,False,True,"HDFC Small Cap Fund,Kotak Small Cap Fund,Motilal Oswal Small Cap Fund,Nippon Small Cap Fund,SBI Small Cap Fund",,,0,0,5,4
One97 Communications Ltd,0,1,0.0,0.0,False,True,True,SBI Small Cap Fund,,SBI Small Cap Fund,0,1,1,0
Ujjivan Small Finance Bank Ltd Ordinary Shares,1,2,16206987.5,1.4701860961560513,False,False,True,"Nippon Small Cap Fund,SBI Small Cap Fund",Nippon Small Cap Fund,,1,0,2,2
LG Electronics India Ltd,3,4,200453.0,0.0,False,True,True,"Canara Robeco Small Cap Fund,Motilal Oswal Small Cap Fund,Nippon Small Cap Fund,SBI Small Cap Fund","Canara Robeco Small Cap Fund,Motilal Oswal Small Cap Fund,Nippon Small Cap Fund",SBI Small Cap Fund,3,1,4,3
Kewal Kiran Clothing Ltd,0,1,1513846.0,4.278254256797203,False,False,True,SBI Small Cap Fund,,,0,0,1,1
FDC Ltd,0,2,2360809.5,0.0,False,False,,"HDFC Small Cap Fund,SBI Small Cap Fund",,,0,0,2,1
EPACK Durable Ltd,0,1,2726095.0,-1.7640061591749616,False,False,True,SBI Small Cap Fund,,,0,0,1,1
STL Networks Ltd,0,1,2359469.0,0.0,False,False,,SBI Small Cap Fund,,,0,0,1,0
Can Fin Homes Ltd,0,3,2294975.0,-0.776113340858099,False,False,True,"HDFC Small Cap Fund,Nippon Small Cap Fund,SBI Small Cap Fund",,,0,0,3,3
SIS Ltd Ordinary Shares,0,2,2349999.5,4.691495540708188,False,False,True,"HDFC Small Cap Fund,SBI Small Cap Fund",,,0,0,2,2
Sunteck Realty Ltd,0,1,1580727.0,0.7649514542683336,False,False,True,SBI Small Cap Fund,,,0,0,1,1
J.B. Chemicals & Pharmaceuticals Ltd,0,5,883622.2,0.0,False,False,True,"Canara Robeco Small Cap Fund,Franklin Small Cap Fund,HDFC Small Cap Fund,Nippon Small Cap Fund,SBI Small Cap Fund",,Franklin Small Cap Fund,0,1,5,4
IRM Energy Ltd,0,1,393969.0,0.0,False,False,,SBI Small Cap Fund,,,0,0,1,0
Akums Drugs and Pharmaceuticals Ltd,0,1,1743851.0,1.1997019460554859,False,False,True,SBI Small Cap Fund,,,0,0,1,1
GE Vernova T&D India Ltd,0,4,314073.0,-28.625846853496903,False,True,True,"Kotak Small Cap Fund,Motilal Oswal Small Cap Fund,Nippon Small Cap Fund,SBI Small Cap Fund",,SBI Small Cap Fund,0,1,4,4
TVS Holdings Ltd,0,1,134956.0,3.296619185757258,False,False,True,SBI Small Cap Fund,,,0,0,1,1
Saregama India Ltd,1,1,400000.0,0.0,True,False,True,SBI Small Cap Fund,SBI Small Cap Fund,,1,0,1,0
Updater Services Ltd,0,1,2960080.0,0.0,False,False,,SBI Small Cap Fund,,,0,0,1,0
eClerx Services Ltd,0,5,1237457.0,-0.11426171817454005,False,False,True,"HDFC Small Cap Fund,Kotak Small Cap Fund,Mirae Small Cap Fund,Motilal Oswal Small Cap Fund,SBI Small Cap Fund",,,0,0,5,5
Bank of India,0,1,1222146.0,-22.274923110972043,False,False,True,SBI Small Cap Fund,,,0,0,1,1
Emcure Pharmaceuticals Ltd,1,2,432846.5,0.0,False,False,,"Motilal Oswal Small Cap Fund,SBI Small Cap Fund",Motilal Oswal Small Cap Fund,,1,0,2,1
Awfis Space Solutions Ltd,0,4,2017170.75,7.204849200858938,False,False,True,"Canara Robeco Small Cap Fund,Franklin Small Cap Fund,Mirae Small Cap Fund,SBI Small Cap Fund",,Franklin Small Cap Fund,0,1,4,4
Ellenbarrie Industrial Gases Ltd,0,2,1365190.5,0.0,False,False,True,"Nippon Small Cap Fund,SBI Small Cap Fund",,,0,0,2,1
Gulf Oil Lubricants India Ltd,0,1,189816.0,0.0,False,False,,SBI Small Cap Fund,,,0,0,1,0
Aurobindo Pharma Ltd,0,1,637314.0,0.0,False,False,True,SBI Small Cap Fund,,,0,0,1,0
Baazar Style Retail Ltd,0,1,2192462.0,1.6185084693600402,False,False,True,SBI Small Cap Fund,,,0,0,1,1
NCC Ltd,0,2,11028359.5,9.308354010464763,False,False,True,"Axis Small Cap Fund,SBI Small Cap Fund",,,0,0,2,2
M & B Engineering Ltd,0,1,0.0,0.0,False,True,True,SBI Small Cap Fund,,SBI Small Cap Fund,0,1,1,0
GPT Healthcare Ltd,0,1,3261625.0,0.6636789181638587,False,False,True,SBI Small Cap Fund,,,0,0,1,1
Oswal Pumps Ltd,0,2,940635.0,13.826116612539979,False,False,True,"Axis Small Cap Fund,SBI Small Cap Fund",,,0,0,2,2
Sudarshan Chemical Industries Ltd,1,5,2745661.8,23.92989030432584,True,False,True,"HDFC Small Cap Fund,Mirae Small Cap Fund,Navi Small Cap Fund,Nippon Small Cap Fund,SBI Small Cap Fund",SBI Small Cap Fund,,1,0,5,5
S H Kelkar & Co Ltd,0,1,5415240.0,4.528720864513618,False,False,True,SBI Small Cap Fund,,,0,0,1,1
Eureka Forbes Ltd,0,3,699333.6666666666,0.0,False,False,True,"Canara Robeco Small Cap Fund,Navi Small Cap Fund,SBI Small Cap Fund",,,0,0,3,2
IndusInd Bank Ltd,0,2,1505078.0,0.0,False,False,,"HDFC Small Cap Fund,SBI Small Cap Fund",,,0,0,2,1
NTPC Green Energy Ltd,0,2,13327922.0,5.211810748443092,False,False,True,"HDFC Small Cap Fund,SBI Small Cap Fund",,,0,0,2,2
Sanathan Textiles Ltd,0,2,2055008.0,1.7807095310037782,False,False,True,"HDFC Small Cap Fund,SBI Small Cap Fund",,,0,0,2,2
Shilpa Medicare Ltd,0,1,2497968.0,9.27808172075374,False,False,True,SBI Small Cap Fund,,,0,0,1,1
Kirloskar Ferrous Industries Ltd,0,4,3737892.0,0.0,False,False,True,"HDFC Small Cap Fund,Mirae Small Cap Fund,Navi Small Cap Fund,SBI Small Cap Fund",,,0,0,4,3
Aarti Industries Ltd,0,4,2757146.0,10.217326970655801,False,False,True,"Axis Small Cap Fund,HDFC Small Cap Fund,Nippon Small Cap Fund,SBI Small Cap Fund",,,0,0,4,4
Eris Lifesciences Ltd Registered Shs,0,3,2567343.6666666665,24.5938214442062,False,False,,"Mirae Small Cap Fund,Motilal Oswal Small Cap Fund,SBI Small Cap Fund",,,0,0,3,2
Chemplast Sanmar Ltd,0,2,3033481.5,0.0,False,False,,"Nippon Small Cap Fund,SBI Small Cap Fund",,,0,0,2,1
PVR INOX Ltd,1,3,2043626.0,0.0,True,False,True,"HDFC Small Cap Fund,Mirae Small Cap Fund,SBI Small Cap Fund",SBI Small Cap Fund,,1,0,3,2
Concord Enviro Systems Ltd,0,1,403805.0,0.0,False,False,,SBI Small Cap Fund,,,0,0,1,0
Yatra Online Ltd,0,1,329949.0,-3.3810158274645308,False,False,True,SBI Small Cap Fund,,,0,0,1,1
Info Edge (India) Ltd,0,1,2120000.0,11.578947368421053,False,False,True,SBI Small Cap Fund,,,0,0,1,1
Inox Wind Ltd,0,2,13117296.0,2.001302597491449,False,False,True,"HDFC Small Cap Fund,SBI Small Cap Fund",,,0,0,2,2
Karnataka Bank Ltd,0,2,12904709.5,0.38073205847513586,False,False,True,"Axis Small Cap Fund,SBI Small Cap Fund",,,0,0,2,2
Nitin Spinners Ltd,0,3,2090402.6666666667,0.5363734204356627,False,False,True,"Axis Small Cap Fund,Motilal Oswal Small Cap Fund,SBI Small Cap Fund",,Motilal Oswal Small Cap Fund,0,1,3,3
Cyient Ltd,0,2,2362625.5,34.052160595397815,False,False,True,"HDFC Small Cap Fund,SBI Small Cap Fund",,,0,0,2,2
Great Eastern Shipping Co Ltd,0,2,3458977.0,6.57992096641877,False,False,True,"Mirae Small Cap Fund,SBI Small Cap Fund",,,0,0,2,2
Emami Ltd,0,3,6557499.333333333,11.353591722371101,False,False,True,"HDFC Small Cap Fund,Mirae Small Cap Fund,SBI Small Cap Fund",,,0,0,3,2
Cohance Lifesciences Ltd,0,3,1395476.0,18.69925561999788,False,False,True,"Motilal Oswal Small Cap Fund,Nippon Small Cap Fund,SBI Small Cap Fund",,Motilal Oswal Small Cap Fund,0,1,3,3
Amanta Healthcare Ltd,0,1,1570467.0,25.327650310552563,False,False,True,SBI Small Cap Fund,,,0,0,1,1
Thirumalai Chemicals Ltd,0,2,1834433.0,247.1454267775327,False,False,True,"Kotak Small Cap Fund,SBI Small Cap Fund",,,0,0,2,1
Aditya Birla Fashion and Retail Ltd,0,3,11817793.0,0.0,False,False,,"Axis Small Cap Fund,HDFC Small Cap Fund,SBI Small Cap Fund",,,0,0,3,2
Crompton Greaves Consumer Electricals Ltd,0,3,8792562.333333334,0.0,False,False,,"HDFC Small Cap Fund,Nippon Small Cap Fund,SBI Small Cap Fund",,,0,0,3,2
JSW Cement Ltd,0,2,9603130.5,48.58170871513921,False,False,True,"HDFC Small Cap Fund,SBI Small Cap Fund",,,0,0,2,2
Jubilant Pharmova Ltd,0,2,2457526.0,4.293984272441788,False,False,True,"Axis Small Cap Fund,SBI Small Cap Fund",,,0,0,2,2
Motilal Oswal Financial Services Ltd,0,2,1695929.0,-26.848328819189245,False,False,True,"Motilal Oswal Small Cap Fund,SBI Small Cap Fund",,,0,0,2,2
Glenmark Pharmaceuticals Ltd,0,2,476438.5,0.0,False,False,,"Kotak Small Cap Fund,SBI Small Cap Fund",,Kotak Small Cap Fund,0,1,2,1
GNA Axles Ltd,0,2,1697837.5,0.0,False,False,,"Mirae Small Cap Fund,SBI Small Cap Fund",,,0,0,2,1
Garware Hi-Tech Films Ltd,0,1,60125.0,11.085450346420323,False,False,True,SBI Small Cap Fund,,,0,0,1,1
Kajaria Ceramics Ltd,1,3,1680093.0,9.738380930656405,True,False,True,"HDFC Small Cap Fund,Motilal Oswal Small Cap Fund,SBI Small Cap Fund",SBI Small Cap Fund,,1,0,3,2
Godrej Industries Ltd,0,2,2944233.5,31.904543431771224,False,False,True,"Navi Small Cap Fund,SBI Small Cap Fund",,,0,0,2,2
Pondy Oxides And Chemicals Ltd,0,1,225958.0,12.2410153242431,False,False,True,SBI Small Cap Fund,,,0,0,1,1
All Time Plastics Ltd,0,1,599734.0,0.0,False,False,,SBI Small Cap Fund,,,0,0,1,0
Mankind Pharma Ltd,1,1,33093.0,120.61999999999999,True,False,True,SBI Small Cap Fund,SBI Small Cap Fund,,1,0,1,1
Arvind Ltd,0,2,11597291.0,3.436104092068548,False,False,True,"Axis Small Cap Fund,SBI Small Cap Fund",,,0,0,2,2
Angel One Ltd Ordinary Shares,0,2,506711.5,18.83980489758033,False,False,True,"Franklin Small Cap Fund,SBI Small Cap Fund",,,0,0,2,2
Repco Home Finance Ltd,0,1,4120781.0,4.120547731991949,False,False,True,SBI Small Cap Fund,,,0,0,1,1
Greenpanel Industries Ltd Ordinary Shares,0,1,1232444.0,47.850580752278745,False,False,True,SBI Small Cap Fund,,,0,0,1,1
PNB Housing Finance Ltd,0,4,3033910.75,18.756149121094605,False,False,True,"HDFC Small Cap Fund,Motilal Oswal Small Cap Fund,Nippon Small Cap Fund,SBI Small Cap Fund",,,0,0,4,4
Jain Resource Recycling Ltd,0,3,1378870.0,0.0,False,False,True,"Kotak Small Cap Fund,Nippon Small Cap Fund,SBI Small Cap Fund",,,0,0,3,2
Axis Bank Ltd,0,2,3740132.0,-0.744655737704918,False,False,True,"HDFC Small Cap Fund,SBI Small Cap Fund",,,0,0,2,2
Bansal Wire Industries Ltd,0,1,534003.0,0.0,False,False,,SBI Small Cap Fund,,,0,0,1,0
Bank of Baroda,0,2,24539396.0,-9.67741935483871,False,False,True,"Mirae Small Cap Fund,SBI Small Cap Fund",,,0,0,2,2
Manappuram Finance Ltd,0,1,3836895.0,-9.8663462453267,False,False,True,SBI Small Cap Fund,,,0,0,1,1
Gujarat State Petronet Ltd,0,1,277028.0,0.0,False,False,,SBI Small Cap Fund,,,0,0,1,0
Aster DM Healthcare Ltd Ordinary Shares,0,6,8214855.166666667,0.0,False,False,,"Axis Small Cap Fund,Canara Robeco Small Cap Fund,HDFC Small Cap Fund,Mirae Small Cap Fund,Motilal Oswal Small Cap Fund,SBI Small Cap Fund",,,0,0,6,5
Vishnu Chemicals Ltd,0,1,956968.0,-0.4987704896726331,False,False,True,SBI Small Cap Fund,,,0,0,1,1
Shaily Engineering Plastics Ltd,0,2,691177.5,9.553511195789401,False,False,True,"Kotak Small Cap Fund,SBI Small Cap Fund",,,0,0,2,2
Deepak Fertilisers & Petrochemicals Corp Ltd,0,3,791528.3333333334,4.536767232116971,False,False,True,"Kotak Small Cap Fund,Nippon Small Cap Fund,SBI Small Cap Fund",,,0,0,3,3
Star Health and Allied Insurance Co Ltd,0,1,1092180.0,7.373326254940128,False,False,True,SBI Small Cap Fund,,,0,0,1,1
Birlasoft Ltd,0,5,1940202.0,5.060920026383844,False,False,True,"Franklin Small Cap Fund,HDFC Small Cap Fund,Kotak Small Cap Fund,Nippon Small Cap Fund,SBI Small Cap Fund",,Franklin Small Cap Fund,0,1,5,4
Paradeep Phosphates Ltd,0,2,22364445.5,2.786990187339547,False,False,True,"HDFC Small Cap Fund,SBI Small Cap Fund",,,0,0,2,2
Pine Labs Ltd,3,3,1959986.3333333333,-16.648574233782522,True,False,True,"Canara Robeco Small Cap Fund,Motilal Oswal Small Cap Fund,SBI Small Cap Fund","Canara Robeco Small Cap Fund,Motilal Oswal Small Cap Fund,SBI Small Cap Fund",,3,0,3,3
Bombay Burmah Trading Corp Ltd,0,1,196754.0,0.0,False,False,,SBI Small Cap Fund,,,0,0,1,0
Narayana Hrudayalaya Ltd,0,3,921294.0,0.0,False,False,True,"HDFC Small Cap Fund,Nippon Small Cap Fund,SBI Small Cap Fund",,,0,0,3,2
INOX Green Energy Services Ltd,1,1,2392880.0,0.0,True,False,True,SBI Small Cap Fund,SBI Small Cap Fund,,1,0,1,0
Senco Gold Ltd,0,1,4500973.0,32.036400139869656,False,False,True,SBI Small Cap Fund,,,0,0,1,1
Heritage Foods Ltd,0,1,467302.0,0.0,False,False,True,SBI Small Cap Fund,,,0,0,1,0
State Bank of India,0,2,6219236.0,0.0,False,False,True,"HDFC Small Cap Fund,SBI Small Cap Fund",,,0,0,2,1
Epigral Ltd,0,1,690108.0,50.33460553144769,False,False,True,SBI Small Cap Fund,,,0,0,1,1
Rane Holdings Ltd,0,1,152185.0,4.2305901046517995,False,False,True,SBI Small Cap Fund,,,0,0,1,1
Multi Commodity Exchange of India Ltd,0,7,501558.85714285716,-15.244116646451497,False,True,True,"Canara Robeco Small Cap Fund,Franklin Small Cap Fund,HDFC Small Cap Fund,Kotak Small Cap Fund,Motilal Oswal Small Cap Fund,Nippon Small Cap Fund,SBI Small Cap Fund",,SBI Small Cap Fund,0,1,7,7
Kirloskar Oil Engines Ltd,1,5,1569237.0,-1.724208711359251,False,False,True,"Franklin Small Cap Fund,HDFC Small Cap Fund,Motilal Oswal Small Cap Fund,Nippon Small Cap Fund,SBI Small Cap Fund",Motilal Oswal Small Cap Fund,,1,0,5,5
Wockhardt Ltd,0,4,1130405.25,2.035027153944794,False,False,True,"Franklin Small Cap Fund,Motilal Oswal Small Cap Fund,Navi Small Cap Fund,SBI Small Cap Fund",,,0,0,4,4
Edelweiss Financial Services Ltd,0,1,2331046.0,6.532687660184343,False,False,True,SBI Small Cap Fund,,,0,0,1,1
Hi-Tech Pipes Ltd,1,3,5020651.666666667,8.463681357465552,False,False,True,"Motilal Oswal Small Cap Fund,Nippon Small Cap Fund,SBI Small Cap Fund",Nippon Small Cap Fund,,1,0,3,3
Indus Towers Ltd Ordinary Shares,0,1,690000.0,-23.333333333333332,False,False,True,SBI Small Cap Fund,,,0,0,1,1
National Building Construction Corp Ltd. 27/01/2026,1,1,8229000.0,0.0,False,False,0,Axis Small Cap Fund,Axis Small Cap Fund,,1,0,1,1
Sanofi India Ltd,0,2,138951.5,0.0,False,False,0,"Axis Small Cap Fund,HDFC Small Cap Fund",,,0,0,2,2
Adani Power Ltd,0,1,60430545.0,0.0,False,False,0,Axis Small Cap Fund,,,0,0,1,1
Suven Life Sciences Ltd,0,1,4701490.0,0.0,False,False,0,Axis Small Cap Fund,,,0,0,1,1
HDFC Life Insurance Co Ltd,1,2,4246324.0,0.0,False,False,0,"Axis Small Cap Fund,HDFC Small Cap Fund",Axis Small Cap Fund,,1,0,2,2
Alivus Life Sciences Ltd,0,2,1276230.5,0.0,False,False,0,"Axis Small Cap Fund,Navi Small Cap Fund",,,0,0,2,2
K.P.R. Mill Ltd,0,3,2379094.3333333335,-2.5907574727160854,False,False,0,"Axis Small Cap Fund,HDFC Small Cap Fund,Motilal Oswal Small Cap Fund",,,0,0,3,3
Indoco Remedies Ltd,0,2,3396894.5,0.0,False,False,0,"Axis Small Cap Fund,HDFC Small Cap Fund",,,0,0,2,2
Mahindra Holidays & Resorts India Ltd,0,1,999412.0,0.0,False,False,0,Axis Small Cap Fund,,,0,0,1,1
Indian Hume Pipe Co Ltd,0,1,769177.0,0.0,False,False,0,Axis Small Cap Fund,,,0,0,1,1
JM Financial Ltd,0,3,9842269.0,0.8500149527120482,False,False,0,"Axis Small Cap Fund,Kotak Small Cap Fund,Nippon Small Cap Fund",,,0,0,3,3
Om Infra Ltd,0,1,140571.0,0.0,False,False,0,Axis Small Cap Fund,,,0,0,1,1
Aegis Logistics Ltd,0,2,7500194.5,0.0,False,False,0,"Axis Small Cap Fund,Motilal Oswal Small Cap Fund",,,0,0,2,2
Himadri Speciality Chemical Ltd,0,1,1143581.0,69.55052648121955,False,False,0,Axis Small Cap Fund,,,0,0,1,1
TVS Srichakra Ltd,0,1,377551.0,0.0,False,False,0,Axis Small Cap Fund,,,0,0,1,1
RBL Bank Ltd,1,3,17259821.0,0.0,False,False,0,"Axis Small Cap Fund,HDFC Small Cap Fund,Motilal Oswal Small Cap Fund",Motilal Oswal Small Cap Fund,,1,0,3,3
BASF India Ltd,0,2,503124.0,0.0,False,False,0,"Axis Small Cap Fund,Navi Small Cap Fund",,,0,0,2,2
Viyash Scientific Ltd,1,1,22502050.0,0.0,False,False,0,Axis Small Cap Fund,Axis Small Cap Fund,,1,0,1,1
Sula Vineyards Ltd,0,2,5099674.0,0.0,False,False,0,"Axis Small Cap Fund,Mirae Small Cap Fund",,,0,0,2,2
Adani Enterprises Ltd,0,1,2468292.0,0.0,False,False,0,Axis Small Cap Fund,,,0,0,1,1
Primo Chemicals Ltd Shs Dematerialised,0,1,4556962.0,0.0,False,False,0,Axis Small Cap Fund,,,0,0,1,1
Reliance Industries Ltd,1,3,8380080.0,-1.6840196165010957,False,False,0,"Axis Small Cap Fund,HDFC Small Cap Fund,Nippon Small Cap Fund",Nippon Small Cap Fund,,1,0,3,3
Ravindra Energy Ltd,1,1,700000.0,0.0,False,False,0,Axis Small Cap Fund,Axis Small Cap Fund,,1,0,1,1
Vinati Organics Ltd,0,2,492351.5,0.0,False,False,0,"Axis Small Cap Fund,Motilal Oswal Small Cap Fund",,,0,0,2,2
Maharashtra Seamless Ltd,0,2,650248.5,0.0,False,False,0,"Axis Small Cap Fund,Motilal Oswal Small Cap Fund",,Motilal Oswal Small Cap Fund,0,1,2,2
Just Dial Ltd,0,2,2697436.0,0.0,False,False,0,"Axis Small Cap Fund,HDFC Small Cap Fund",,,0,0,2,2
Vishnu Prakash R Punglia Ltd,0,1,5087689.0,0.0,False,False,0,Axis Small Cap Fund,,,0,0,1,1
Black Box Ltd,1,1,1810683.0,1.5018854851557635,False,False,0,Axis Small Cap Fund,Axis Small Cap Fund,,1,0,1,1
Best Agrolife Ltd,0,1,500000.0,0.0,False,False,0,Axis Small Cap Fund,,,0,0,1,1
Sun TV Network Ltd,0,1,14661224.0,28.08538126157237,False,False,0,Axis Small Cap Fund,,,0,0,1,1
Thyrocare Technologies Ltd,0,1,5167803.0,0.0,False,False,0,HDFC Small Cap Fund,,,0,0,1,1
Gujarat State Fertilizers & Chemicals Ltd,0,1,7662294.0,0.0,False,False,0,Axis Small Cap Fund,,,0,0,1,1
Adani Enterprises Ltd Ordinary Shares (Partly Paid Rs.0.50),1,1,296195.0,0.0,False,False,0,Axis Small Cap Fund,Axis Small Cap Fund,,1,0,1,1
Ncc Ltd 25/11/2025,0,1,0.0,0.0,False,False,0,Axis Small Cap Fund,,Axis Small Cap Fund,0,1,1,1
SMS Pharmaceuticals Ltd,0,1,1859681.0,0.0,False,False,0,Axis Small Cap Fund,,,0,0,1,1
Oil & Natural Gas Corp Ltd,0,1,499707.0,-97.28231421544034,False,False,0,Axis Small Cap Fund,,,0,0,1,1
NBCC India Ltd,0,1,49004963.0,0.0,False,False,0,Axis Small Cap Fund,,,0,0,1,1
Minda Corp Ltd,0,2,6536434.5,0.0,False,False,0,"Axis Small Cap Fund,Nippon Small Cap Fund",,,0,0,2,2
Stanley Lifestyles Ltd,0,2,1599723.0,0.0,False,False,0,"Axis Small Cap Fund,HDFC Small Cap Fund",,,0,0,2,2
Vardhman Textiles Ltd,0,3,6241257.0,0.0,False,False,0,"Axis Small Cap Fund,HDFC Small Cap Fund,Mirae Small Cap Fund",,,0,0,3,3
Sumitomo Chemical India Ltd Ordinary Shares,1,4,2182609.75,-3.962728622336209,False,False,0,"Axis Small Cap Fund,Canara Robeco Small Cap Fund,HDFC Small Cap Fund,Motilal Oswal Small Cap Fund",Axis Small Cap Fund,,1,0,4,4
Indraprastha Medical Corp Ltd,0,1,0.0,0.0,False,False,0,Axis Small Cap Fund,,Axis Small Cap Fund,0,1,1,1
Anupam Rasayan India Ltd,0,1,0.0,0.0,False,False,0,Axis Small Cap Fund,,Axis Small Cap Fund,0,1,1,1
Castrol India Ltd,0,2,6025018.0,0.0,False,False,0,"Axis Small Cap Fund,HDFC Small Cap Fund",,,0,0,2,2
HFCL Ltd,0,1,89972615.0,12.379886635884274,False,False,0,Axis Small Cap Fund,,,0,0,1,1
Capri Global Capital Ltd,0,1,28625736.0,0.6150983229396948,False,False,0,Axis Small Cap Fund,,,0,0,1,1
Embassy Developments Ltd,0,1,7962774.0,0.0,False,False,0,Axis Small Cap Fund,,,0,0,1,1
S.P. Apparels Ltd,1,1,805180.0,0.0,False,False,0,Axis Small Cap Fund,Axis Small Cap Fund,,1,0,1,1
E I D Parry India Ltd,0,2,2472434.0,0.0,False,False,0,"Axis Small Cap Fund,Motilal Oswal Small Cap Fund",,,0,0,2,2
Oriental Hotels Ltd,0,1,2041368.0,-22.311850463761456,False,False,0,Axis Small Cap Fund,,,0,0,1,1
Bata India Ltd,0,2,718283.0,-22.526118225247064,False,False,0,"Axis Small Cap Fund,HDFC Small Cap Fund",,,0,0,2,2
Sai Silks (Kalamandir) Ltd,0,1,2095455.0,0.0,False,False,0,Axis Small Cap Fund,,,0,0,1,1
Marathon Nextgen Realty Ltd,0,1,6479838.0,1.5674379192700503,False,False,0,Axis Small Cap Fund,,,0,0,1,1
Graphite India Ltd,1,2,2106009.5,0.0,False,False,0,"Axis Small Cap Fund,Navi Small Cap Fund",Axis Small Cap Fund,,1,0,2,2
Newgen Software Technologies Ltd,0,1,503579.0,0.0,False,False,0,Axis Small Cap Fund,,,0,0,1,1
Prime Securities Ltd,0,1,1649942.0,0.0,False,False,0,Axis Small Cap Fund,,,0,0,1,1
Adani Green Energy Ltd,1,1,5436317.0,0.0,False,False,0,Axis Small Cap Fund,Axis Small Cap Fund,,1,0,1,1
Life Insurance Corporation of India,0,1,0.0,-100.0,False,False,0,Axis Small Cap Fund,,Axis Small Cap Fund,0,1,1,1
Aditya Birla Lifestyle Brands Ltd,0,2,31160092.5,4.928155177358423,False,False,0,"Axis Small Cap Fund,HDFC Small Cap Fund",,,0,0,2,2
EPL Ltd Ordinary Shares,0,2,3949616.5,0.0,False,False,0,"Axis Small Cap Fund,Nippon Small Cap Fund",,Nippon Small Cap Fund,0,1,2,2
Welspun Corp Ltd,0,2,3013529.5,0.0,False,False,0,"Axis Small Cap Fund,Nippon Small Cap Fund",,,0,0,2,2
Bikaji Foods International Ltd,0,3,4153514.3333333335,0.0,False,False,0,"Axis Small Cap Fund,Canara Robeco Small Cap Fund,Motilal Oswal Small Cap Fund",,,0,0,3,3
Pfizer Ltd,0,2,1060315.0,0.0,False,False,0,"Axis Small Cap Fund,HDFC Small Cap Fund",,,0,0,2,2
Gland Pharma Ltd,0,3,1204895.0,0.0,False,False,0,"Axis Small Cap Fund,HDFC Small Cap Fund,Nippon Small Cap Fund",,,0,0,3,3
Welspun Living Ltd,0,2,14122053.5,0.0,False,False,0,"Axis Small Cap Fund,Motilal Oswal Small Cap Fund",,,0,0,2,2
Jana Small Finance Bank Ltd,0,0,0.0,0.0,False,False,0,,,,0,0,0,0
Adani Enterprises Limited Rights,1,1,0.0,-100.0,False,False,0,Axis Small Cap Fund,Axis Small Cap Fund,Axis Small Cap Fund,1,1,1,1
Zydus Wellness Ltd,0,2,13040937.5,0.5935412033335647,False,False,0,"Axis Small Cap Fund,HDFC Small Cap Fund",,,0,0,2,2
IRB Infrastructure Developers Ltd,1,1,33637792.0,0.0,False,False,0,Axis Small Cap Fund,Axis Small Cap Fund,,1,0,1,1
Delhivery Ltd,0,5,3617184.4,13.372291275248557,False,False,0,"Axis Small Cap Fund,Franklin Small Cap Fund,HDFC Small Cap Fund,Motilal Oswal Small Cap Fund,Nippon Small Cap Fund",,Axis Small Cap Fund,0,1,5,5
Afcons Infrastructure Ltd,0,3,4863879.666666667,5.743187385756367,False,False,0,"Axis Small Cap Fund,Franklin Small Cap Fund,HDFC Small Cap Fund",,,0,0,3,3
Anthem Biosciences Ltd,0,3,1268975.3333333333,0.0,False,False,0,"Axis Small Cap Fund,Canara Robeco Small Cap Fund,Nippon Small Cap Fund",,Nippon Small Cap Fund,0,1,3,3
Exicom Tele-Systems Ltd,0,1,4343422.0,0.0,False,False,0,Axis Small Cap Fund,,,0,0,1,1
Bayer CropScience Ltd,0,2,798554.5,0.0,False,False,0,"Axis Small Cap Fund,HDFC Small Cap Fund",,,0,0,2,2
Man Infraconstruction Ltd,0,1,6030000.0,0.0,False,False,0,Axis Small Cap Fund,,,0,0,1,1
Future on Samvardhana Motherson International Ltd,1,1,0.0,-100.0,False,False,0,Axis Small Cap Fund,Axis Small Cap Fund,Axis Small Cap Fund,1,1,1,1
The Orissa Minerals Development Co Ltd,0,1,107059.0,0.0,False,False,0,Axis Small Cap Fund,,,0,0,1,1
Sequent Scientific Ltd,0,1,0.0,-100.0,False,False,0,Axis Small Cap Fund,,Axis Small Cap Fund,0,1,1,1
Capacit'e Infraprojects Ltd,0,1,2026624.0,0.0,False,False,0,Axis Small Cap Fund,,,0,0,1,1
Piramal Finance Ltd,1,3,1908759.3333333333,0.0,False,False,0,"Axis Small Cap Fund,HDFC Small Cap Fund,Motilal Oswal Small Cap Fund",Motilal Oswal Small Cap Fund,,1,0,3,3
Welspun Enterprises Ltd,0,1,6712318.0,0.0,False,False,0,Axis Small Cap Fund,,,0,0,1,1
Jio Financial Services Ltd,0,1,60489693.0,0.0,False,False,0,Axis Small Cap Fund,,,0,0,1,1
India Shelter Finance Corporation Ltd,0,2,1603351.5,0.0,False,False,0,"Axis Small Cap Fund,Nippon Small Cap Fund",,,0,0,2,2
Balrampur Chini Mills Ltd,0,5,3520762.4,-20.0,False,False,0,"Axis Small Cap Fund,HDFC Small Cap Fund,Motilal Oswal Small Cap Fund,Navi Small Cap Fund,Nippon Small Cap Fund",,Motilal Oswal Small Cap Fund,0,1,5,5
Anand Rathi Wealth Ltd,0,2,1487047.5,0.0,False,False,0,"Axis Small Cap Fund,Franklin Small Cap Fund",,,0,0,2,2
Intellect Design Arena Ltd,0,1,503950.0,0.0,False,False,0,Axis Small Cap Fund,,,0,0,1,1
Tata Consumer Products Ltd,0,2,2355776.0,-0.6833054271396889,False,False,0,"HDFC Small Cap Fund,Nippon Small Cap Fund",,,0,0,2,2
Harsha Engineers International Ltd,0,1,4136864.0,0.0,False,False,0,HDFC Small Cap Fund,,,0,0,1,1
Rategain Travel Technologies Ltd,0,2,3702516.5,0.0,False,False,0,"HDFC Small Cap Fund,Nippon Small Cap Fund",,,0,0,2,2
ACME Solar Holdings Ltd,0,2,6493398.5,7.561338512909157,False,False,0,"HDFC Small Cap Fund,Navi Small Cap Fund",,,0,0,2,2
Dr. Lal PathLabs Ltd,0,1,1290970.0,100.0,False,False,0,HDFC Small Cap Fund,,,0,0,1,1
AAVAS Financiers Ltd,0,1,1113911.0,0.0,False,False,0,HDFC Small Cap Fund,,,0,0,1,1
Hindustan Aeronautics Ltd Ordinary Shares,0,1,862972.0,0.0,False,False,0,HDFC Small Cap Fund,,,0,0,1,1
TTK Prestige Ltd,0,1,3450705.0,0.579921528712324,False,False,0,HDFC Small Cap Fund,,,0,0,1,1
Praj Industries Ltd,0,1,5051724.0,0.0,False,False,0,HDFC Small Cap Fund,,,0,0,1,1
Linde India Ltd,0,1,400000.0,0.0,False,False,0,HDFC Small Cap Fund,,,0,0,1,1
NTPC Ltd,1,1,8557812.0,0.0,False,False,0,HDFC Small Cap Fund,HDFC Small Cap Fund,,1,0,1,1
L.G.Balakrishnan & Bros Ltd,0,2,1853709.5,0.0,False,False,0,"HDFC Small Cap Fund,Mirae Small Cap Fund",,,0,0,2,2
Tube Investments of India Ltd Ordinary Shares,0,2,1421635.5,0.0,False,False,0,"HDFC Small Cap Fund,Motilal Oswal Small Cap Fund",,,0,0,2,2
Astec Lifesciences Ltd,0,1,526867.0,0.0,False,False,0,HDFC Small Cap Fund,,,0,0,1,1
Honda India Power Products Ltd,0,2,707868.0,0.0,False,False,0,"HDFC Small Cap Fund,Navi Small Cap Fund",,,0,0,2,2
Ambuja Cements Ltd,0,1,3250000.0,0.0,False,False,0,HDFC Small Cap Fund,,,0,0,1,1
National Securities Depository Ltd,0,1,401313.0,0.0,False,False,0,HDFC Small Cap Fund,,,0,0,1,1
Navin Fluorine International Ltd,0,3,386790.3333333333,0.0,False,False,0,"Canara Robeco Small Cap Fund,HDFC Small Cap Fund,Nippon Small Cap Fund",,,0,0,3,3
Syngene International Ltd,0,1,4906326.0,6.822513536992404,False,False,0,HDFC Small Cap Fund,,,0,0,1,1
Fujiyama Power Systems Ltd,1,1,4995237.0,0.0,False,False,0,HDFC Small Cap Fund,HDFC Small Cap Fund,,1,0,1,1
Data Patterns (India) Ltd,0,3,434344.6666666667,0.0,False,False,0,"Canara Robeco Small Cap Fund,HDFC Small Cap Fund,Nippon Small Cap Fund",,,0,0,3,3
Fine Organic Industries Ltd Ordinary Shares,0,2,709286.5,0.0,False,False,0,"HDFC Small Cap Fund,Nippon Small Cap Fund",,,0,0,2,2
Orkla India Ltd,0,1,7685301.0,8.30441805530933,False,False,0,HDFC Small Cap Fund,,,0,0,1,1
ISGEC Heavy Engineering Ltd,0,1,4290224.0,0.10810644319534926,False,False,0,HDFC Small Cap Fund,,,0,0,1,1
DOMS Industries Ltd,0,3,565980.0,0.0,False,False,0,"Canara Robeco Small Cap Fund,HDFC Small Cap Fund,Nippon Small Cap Fund",,,0,0,3,3
Go Fashion (India) Ltd,0,1,2153531.0,0.0,False,False,0,HDFC Small Cap Fund,,,0,0,1,1
Ion Exchange (India) Ltd,0,2,5483548.0,0.0,False,False,0,"HDFC Small Cap Fund,Mirae Small Cap Fund",,,0,0,2,2
Esab India Ltd,0,1,411697.0,0.0,False,False,0,HDFC Small Cap Fund,,,0,0,1,1
Brigade Enterprises Ltd,0,5,1987347.0,-20.0,False,False,0,"Canara Robeco Small Cap Fund,Franklin Small Cap Fund,HDFC Small Cap Fund,Motilal Oswal Small Cap Fund,Nippon Small Cap Fund",,Motilal Oswal Small Cap Fund,0,1,5,5
Kaynes Technology India Ltd,0,6,264151.6666666667,-3.0608850221990007,False,False,0,"Canara Robeco Small Cap Fund,Franklin Small Cap Fund,HDFC Small Cap Fund,Kotak Small Cap Fund,Motilal Oswal Small Cap Fund,Nippon Small Cap Fund",,"Franklin Small Cap Fund,Kotak Small Cap Fund",0,2,6,6
Campus Activewear Ltd,0,2,5297985.0,2.6925159746407905,False,False,0,"HDFC Small Cap Fund,Kotak Small Cap Fund",,,0,0,2,2
MTAR Technologies Ltd,1,4,489635.0,2.1518171375501027,False,False,0,"Canara Robeco Small Cap Fund,HDFC Small Cap Fund,Kotak Small Cap Fund,Motilal Oswal Small Cap Fund",Kotak Small Cap Fund,,1,0,4,4
HDB Financial Services Ltd,0,2,2416446.0,0.0,False,False,0,"HDFC Small Cap Fund,Motilal Oswal Small Cap Fund",,,0,0,2,2
NIIT Ltd,0,1,11111066.0,0.0,False,False,0,HDFC Small Cap Fund,,,0,0,1,1
Ajanta Pharma Ltd,0,1,1674471.0,0.0,False,False,0,HDFC Small Cap Fund,,,0,0,1,1
Mishra Dhatu Nigam Ltd Ordinary Shares,0,1,2589175.0,0.0,False,False,0,HDFC Small Cap Fund,,,0,0,1,1
Timken India Ltd,1,5,701903.4,0.1811591880123951,False,False,0,"Canara Robeco Small Cap Fund,Franklin Small Cap Fund,HDFC Small Cap Fund,Mirae Small Cap Fund,Nippon Small Cap Fund",Franklin Small Cap Fund,,1,0,5,5
Indigo Paints Ltd Ordinary Shares,0,2,2482058.0,0.21559359820830037,False,False,0,"HDFC Small Cap Fund,Mirae Small Cap Fund",,,0,0,2,2
Belrise Industries Ltd,0,1,10728130.0,0.0,False,False,0,HDFC Small Cap Fund,,,0,0,1,1
Indian Hotels Co Ltd,0,1,3975828.0,0.0,False,False,0,HDFC Small Cap Fund,,,0,0,1,1
TD Power Systems Ltd,0,1,10178244.0,-0.9729288388172143,False,False,0,HDFC Small Cap Fund,,,0,0,1,1
Asian Paints Ltd,0,1,1310704.0,-43.08957492075898,False,False,0,HDFC Small Cap Fund,,,0,0,1,1
Kwality Walls (India) Limited**,1,1,2121461.0,0.0,False,False,0,HDFC Small Cap Fund,HDFC Small Cap Fund,,1,0,1,1
Central Depository Services (India) Ltd,0,4,1257696.75,0.33416387192809294,False,False,0,"Franklin Small Cap Fund,HDFC Small Cap Fund,Kotak Small Cap Fund,Nippon Small Cap Fund",,,0,0,4,4
Greenlam Industries Ltd,0,2,3521882.0,-11.46609753831207,False,False,0,"HDFC Small Cap Fund,Mirae Small Cap Fund",,,0,0,2,2
Sundaram Fasteners Ltd,0,1,5266028.0,4.792176885706889,False,False,0,HDFC Small Cap Fund,,,0,0,1,1
Tata Power Co Ltd,0,1,7707138.0,0.0,False,False,0,HDFC Small Cap Fund,,,0,0,1,1
Bharat Dynamics Ltd Ordinary Shares,0,3,1111020.6666666667,0.8197908906872664,False,False,0,"HDFC Small Cap Fund,Kotak Small Cap Fund,Nippon Small Cap Fund",,,0,0,3,3
Persistent Systems Ltd,0,3,252542.66666666666,0.0,False,False,0,"HDFC Small Cap Fund,Motilal Oswal Small Cap Fund,Nippon Small Cap Fund",,Nippon Small Cap Fund,0,1,3,3
Genus Power Infrastructures Ltd,0,1,8750327.0,0.0,False,False,0,HDFC Small Cap Fund,,,0,0,1,1
3M India Ltd,0,1,18138.0,0.0,False,False,0,HDFC Small Cap Fund,,,0,0,1,1
HCL Technologies Ltd,0,1,0.0,0.0,False,False,0,HDFC Small Cap Fund,,HDFC Small Cap Fund,0,1,1,1
CARE Ratings Ltd,0,2,771403.0,0.0,False,False,0,"HDFC Small Cap Fund,Motilal Oswal Small Cap Fund",,,0,0,2,2
Aeroflex Industries Ltd,0,1,2431354.0,0.0,False,False,0,HDFC Small Cap Fund,,,0,0,1,1
Cyient DLM Ltd,0,1,1256139.0,0.0,False,False,0,HDFC Small Cap Fund,,,0,0,1,1
Honeywell Automation India Ltd,0,1,0.0,0.0,False,False,0,HDFC Small Cap Fund,,HDFC Small Cap Fund,0,1,1,1
Grindwell Norton Ltd,0,3,746766.6666666666,-31.782327102017973,False,False,0,"HDFC Small Cap Fund,Motilal Oswal Small Cap Fund,Nippon Small Cap Fund",,,0,0,3,3
UTI Asset Management Co Ltd,1,3,1469588.0,3.399065239375219,False,False,0,"HDFC Small Cap Fund,Mirae Small Cap Fund,Motilal Oswal Small Cap Fund",Motilal Oswal Small Cap Fund,,1,0,3,3
Gujarat Fluorochemicals Ltd Ordinary Shares,0,2,232105.5,-50.0,False,False,0,"HDFC Small Cap Fund,Nippon Small Cap Fund",,HDFC Small Cap Fund,0,1,2,2
Procter & Gamble Health Ltd,0,1,692659.0,0.0,False,False,0,HDFC Small Cap Fund,,,0,0,1,1
Century Plyboards (India) Ltd,0,2,2131845.0,0.0,False,False,0,"HDFC Small Cap Fund,Motilal Oswal Small Cap Fund",,,0,0,2,2
Voltas Ltd,0,1,2496994.0,0.0,False,False,0,HDFC Small Cap Fund,,,0,0,1,1
H.G. Infra Engineering Ltd Ordinary Shares,0,2,1208911.0,-33.28629749713337,False,False,0,"HDFC Small Cap Fund,Motilal Oswal Small Cap Fund",,,0,0,2,2
Protean eGov Technologies Ltd,0,1,902883.0,0.0,False,False,0,HDFC Small Cap Fund,,,0,0,1,1
Lemon Tree Hotels Ltd,0,2,14518492.0,0.0,False,False,0,"HDFC Small Cap Fund,Motilal Oswal Small Cap Fund",,,0,0,2,2
Union Bank of India,0,2,7929888.0,0.0,False,False,0,"HDFC Small Cap Fund,Nippon Small Cap Fund",,,0,0,2,2
Sonata Software Ltd,0,4,7300087.75,3.732454127211624,False,False,0,"Franklin Small Cap Fund,HDFC Small Cap Fund,Kotak Small Cap Fund,Mirae Small Cap Fund",,,0,0,4,4
Premier Energies Ltd,0,2,1043457.5,-1.1101674428480248,False,False,0,"Kotak Small Cap Fund,Nippon Small Cap Fund",,,0,0,2,2
eMudhra Ltd,0,1,5083786.0,0.0,False,False,0,HDFC Small Cap Fund,,,0,0,1,1
Karur Vysya Bank Ltd,0,6,14135543.833333334,-0.11168841220174046,False,False,0,"Canara Robeco Small Cap Fund,Franklin Small Cap Fund,HDFC Small Cap Fund,Kotak Small Cap Fund,Motilal Oswal Small Cap Fund,Nippon Small Cap Fund",,,0,0,6,6
Dr Reddy's Laboratories Ltd,1,1,3172198.0,0.0,False,False,0,HDFC Small Cap Fund,HDFC Small Cap Fund,,1,0,1,1
HealthCare Global Enterprises Ltd,0,3,2030090.3333333333,0.0,False,False,0,"HDFC Small Cap Fund,Navi Small Cap Fund,Nippon Small Cap Fund",,Navi Small Cap Fund,0,1,3,3
Godrej Agrovet Ltd Ordinary Shares,0,1,4021039.0,0.0,False,False,0,HDFC Small Cap Fund,,,0,0,1,1
Aequs Ltd,2,2,1817481.5,0.0,False,False,0,"HDFC Small Cap Fund,Nippon Small Cap Fund","HDFC Small Cap Fund,Nippon Small Cap Fund",,2,0,2,2
Deepak Nitrite Ltd,0,1,1175325.0,0.0,False,False,0,HDFC Small Cap Fund,,,0,0,1,1
West Coast Paper Mills Ltd,0,1,3359187.0,0.0,False,False,0,HDFC Small Cap Fund,,,0,0,1,1
Credo Brands Marketing Ltd,0,1,1037642.0,0.0,False,False,0,HDFC Small Cap Fund,,,0,0,1,1
Automotive Axles Ltd,0,2,451661.0,0.0,False,False,0,"HDFC Small Cap Fund,Navi Small Cap Fund",,,0,0,2,2
Siemens Energy India Ltd,1,2,225570.0,-50.0,False,False,0,"HDFC Small Cap Fund,Kotak Small Cap Fund",HDFC Small Cap Fund,Kotak Small Cap Fund,1,1,2,2
JTEKT India Ltd,0,1,21133584.0,0.0,False,False,0,HDFC Small Cap Fund,,,0,0,1,1
Bajaj Consumer Care Ltd,0,2,6821971.0,-3.2,False,False,0,"HDFC Small Cap Fund,Mirae Small Cap Fund",,,0,0,2,2
Bluestone Jewellery And Lifestyle Ltd,0,2,2665106.5,-28.82380061531914,False,False,0,"Canara Robeco Small Cap Fund,HDFC Small Cap Fund",,,0,0,2,2
Canara Robeco Asset Management Co Ltd,1,2,2761629.0,-20.691384950926935,False,False,0,"HDFC Small Cap Fund,Nippon Small Cap Fund",Nippon Small Cap Fund,,1,0,2,2
VST Tillers Tractors Ltd,0,1,501622.0,0.0,False,False,0,HDFC Small Cap Fund,,,0,0,1,1
City Union Bank Ltd,3,6,10413886.5,6.256271246165354,False,False,0,"Canara Robeco Small Cap Fund,HDFC Small Cap Fund,Kotak Small Cap Fund,Mirae Small Cap Fund,Motilal Oswal Small Cap Fund,Nippon Small Cap Fund","Canara Robeco Small Cap Fund,Kotak Small Cap Fund,Motilal Oswal Small Cap Fund",,3,0,6,6
Vesuvius India Ltd,0,3,4572623.333333333,0.0,False,False,0,"HDFC Small Cap Fund,Mirae Small Cap Fund,Nippon Small Cap Fund",,,0,0,3,3
KPIT Technologies Ltd,0,2,1100259.5,0.0,False,False,0,"HDFC Small Cap Fund,Motilal Oswal Small Cap Fund",,,0,0,2,2
TSF Investments Ltd,0,1,8201672.0,0.0,False,False,0,HDFC Small Cap Fund,,,0,0,1,1
Bharat Heavy Electricals Ltd,0,1,29507422.0,0.0,False,False,0,HDFC Small Cap Fund,,,0,0,1,1
LMW Ltd,0,1,84041.0,0.0,False,False,0,HDFC Small Cap Fund,,,0,0,1,1
Equitas Small Finance Bank Ltd Ordinary Shares,1,3,27988091.666666668,47.81721365349557,False,False,0,"HDFC Small Cap Fund,Mirae Small Cap Fund,Nippon Small Cap Fund",Nippon Small Cap Fund,,1,0,3,3
CreditAccess Grameen Ltd Ordinary Shares,1,5,701234.2,0.0,False,False,0,"Canara Robeco Small Cap Fund,Franklin Small Cap Fund,HDFC Small Cap Fund,Motilal Oswal Small Cap Fund,Nippon Small Cap Fund",Motilal Oswal Small Cap Fund,,1,0,5,5
Pokarna Ltd,0,1,689983.0,0.0,False,False,0,HDFC Small Cap Fund,,,0,0,1,1
NIIT Learning Systems Ltd,0,1,12204308.0,0.0,False,False,0,HDFC Small Cap Fund,,,0,0,1,1
ELANTAS Beck India Ltd,0,2,432663.5,0.3704437340114181,False,False,0,"HDFC Small Cap Fund,Navi Small Cap Fund",,,0,0,2,2
Gokaldas Exports Ltd,0,5,2420268.0,0.0,False,False,0,"HDFC Small Cap Fund,Kotak Small Cap Fund,Motilal Oswal Small Cap Fund,Navi Small Cap Fund,Nippon Small Cap Fund",,,0,0,5,5
Dixon Technologies (India) Ltd,0,3,135797.66666666666,-20.086468646864684,False,False,0,"Canara Robeco Small Cap Fund,HDFC Small Cap Fund,Motilal Oswal Small Cap Fund",,,0,0,3,3
Coal India Ltd,0,1,8056743.0,0.0,False,False,0,HDFC Small Cap Fund,,,0,0,1,1
Wonderla Holidays Ltd,0,2,2150000.0,0.0,False,False,0,"HDFC Small Cap Fund,Navi Small Cap Fund",,HDFC Small Cap Fund,0,1,2,2
Allied Blenders and Distillers Ltd,0,1,4937158.0,0.0,False,False,0,HDFC Small Cap Fund,,,0,0,1,1
Texmaco Rail & Engineering Ltd,0,1,11408783.0,0.0,False,False,0,HDFC Small Cap Fund,,,0,0,1,1
Kalpataru Projects International Ltd,0,3,3344457.3333333335,0.0,False,False,0,"HDFC Small Cap Fund,Mirae Small Cap Fund,Nippon Small Cap Fund",,,0,0,3,3
Avalon Technologies Ltd,1,3,2100899.3333333335,0.0,False,False,0,"HDFC Small Cap Fund,Motilal Oswal Small Cap Fund,Nippon Small Cap Fund",Motilal Oswal Small Cap Fund,,1,0,3,3
Chambal Fertilisers & Chemicals Ltd,0,2,6317867.5,0.0,False,False,0,"HDFC Small Cap Fund,Mirae Small Cap Fund",,,0,0,2,2
G R Infraprojects Ltd,0,2,1344082.5,0.0,False,False,0,"HDFC Small Cap Fund,Mirae Small Cap Fund",,,0,0,2,2
Divgi TorqTransfer Systems Ltd,0,1,1152910.0,0.0,False,False,0,HDFC Small Cap Fund,,,0,0,1,1
PhysicsWallah Ltd,1,1,35586819.0,6.125953273089915,False,False,0,HDFC Small Cap Fund,HDFC Small Cap Fund,,1,0,1,1
FSN E-Commerce Ventures Ltd,0,1,0.0,-100.0,False,False,0,HDFC Small Cap Fund,,HDFC Small Cap Fund,0,1,1,1
Raymond Realty Ltd,0,1,1213984.0,-1.9670640525282574,False,False,0,HDFC Small Cap Fund,,,0,0,1,1
Sharda Motor Industries Ltd,0,4,711013.5,-3.106986511425296,False,False,0,"Canara Robeco Small Cap Fund,HDFC Small Cap Fund,Motilal Oswal Small Cap Fund,Nippon Small Cap Fund",,,0,0,4,4
Carborundum Universal Ltd,0,6,1574976.1666666667,0.0,False,False,0,"Franklin Small Cap Fund,HDFC Small Cap Fund,Mirae Small Cap Fund,Motilal Oswal Small Cap Fund,Navi Small Cap Fund,Nippon Small Cap Fund",,,0,0,6,6
Kirloskar Brothers Ltd,0,1,4472130.0,0.0,False,False,0,HDFC Small Cap Fund,,,0,0,1,1
Urban Co Ltd,0,2,2694870.5,0.0,False,False,0,"Canara Robeco Small Cap Fund,HDFC Small Cap Fund",,,0,0,2,2
ICRA Ltd,0,1,649406.0,3.7071696859749084,False,False,0,HDFC Small Cap Fund,,,0,0,1,1
Craftsman Automation Ltd,1,4,305090.0,0.0,False,False,0,"Franklin Small Cap Fund,HDFC Small Cap Fund,Motilal Oswal Small Cap Fund,Nippon Small Cap Fund",Motilal Oswal Small Cap Fund,,1,0,4,4
ITC Ltd,0,1,17779908.0,0.0,False,False,0,HDFC Small Cap Fund,,,0,0,1,1
Raymond Ltd,0,1,1238343.0,0.0,False,False,0,HDFC Small Cap Fund,,,0,0,1,1
Bajaj Electricals Ltd,0,2,4674684.5,0.0,False,False,0,"HDFC Small Cap Fund,Mirae Small Cap Fund",,,0,0,2,2
Blue Dart Express Ltd,0,2,394317.5,0.0,False,False,0,"HDFC Small Cap Fund,Mirae Small Cap Fund",,,0,0,2,2
Hitachi Energy India Ltd Ordinary Shares,0,1,140509.0,0.0,False,False,0,HDFC Small Cap Fund,,,0,0,1,1
Zensar Technologies Ltd,0,3,3327332.3333333335,1.537534742616714,False,False,0,"Franklin Small Cap Fund,HDFC Small Cap Fund,Mirae Small Cap Fund",,,0,0,3,3
PNC Infratech Ltd,0,4,5675845.75,0.0,False,False,0,"HDFC Small Cap Fund,Mirae Small Cap Fund,Motilal Oswal Small Cap Fund,Nippon Small Cap Fund",,,0,0,4,4
Venus Pipes & Tubes Ltd,0,1,600000.0,0.0,False,False,0,HDFC Small Cap Fund,,,0,0,1,1
ICICI Prudential Asset Management Co Ltd,1,1,377626.0,0.0,False,False,0,HDFC Small Cap Fund,HDFC Small Cap Fund,,1,0,1,1
Affle 3i Ltd,0,3,1340826.0,0.0,False,False,0,"Canara Robeco Small Cap Fund,HDFC Small Cap Fund,Nippon Small Cap Fund",,,0,0,3,3
Subros Ltd,0,1,968256.0,0.0,False,False,0,HDFC Small Cap Fund,,,0,0,1,1
HDFC Bank Ltd,0,2,8683780.0,0.0,False,False,0,"HDFC Small Cap Fund,Nippon Small Cap Fund",,,0,0,2,2
Hindustan Unilever Ltd,0,1,2743992.0,29.34444705794733,False,False,0,HDFC Small Cap Fund,,,0,0,1,1
Vindhya Telelinks Ltd,0,1,974673.0,-0.015387408791134389,False,False,0,HDFC Small Cap Fund,,,0,0,1,1
AstraZeneca Pharma India Ltd,0,1,658075.0,0.0,False,False,0,HDFC Small Cap Fund,,,0,0,1,1
Sheela Foam Ltd,0,1,0.0,0.0,False,False,0,HDFC Small Cap Fund,,HDFC Small Cap Fund,0,1,1,1
Seamec Ltd,0,1,911479.0,0.0,False,False,0,HDFC Small Cap Fund,,,0,0,1,1
CIE Automotive India Ltd,0,4,5320678.25,0.0,False,False,0,"HDFC Small Cap Fund,Mirae Small Cap Fund,Navi Small Cap Fund,Nippon Small Cap Fund",,,0,0,4,4
Sandhar Technologies Ltd Ordinary Shares,0,1,2482877.0,0.0,False,False,0,HDFC Small Cap Fund,,,0,0,1,1
Sanofi Consumer Healthcare India Ltd,0,1,251260.0,0.0,False,False,0,HDFC Small Cap Fund,,,0,0,1,1
Rolex Rings Ltd,0,3,4560556.666666667,0.0,False,False,0,"Franklin Small Cap Fund,Motilal Oswal Small Cap Fund,Nippon Small Cap Fund",,Franklin Small Cap Fund,0,1,3,3
Astra Microwave Products Ltd,0,1,2200000.0,0.0,False,False,0,HDFC Small Cap Fund,,,0,0,1,1
Asahi India Glass Ltd,0,2,3244064.0,1.09466032666827,False,False,0,"HDFC Small Cap Fund,Kotak Small Cap Fund",,,0,0,2,2
Rainbow Childrens Medicare Ltd,0,4,619970.5,-5.584016582560255,False,False,0,"Canara Robeco Small Cap Fund,HDFC Small Cap Fund,Kotak Small Cap Fund,Nippon Small Cap Fund",,Canara Robeco Small Cap Fund,0,1,4,4
Hatsun Agro Product Ltd,1,1,651734.0,0.0,False,False,0,HDFC Small Cap Fund,HDFC Small Cap Fund,,1,0,1,1
Schaeffler India Ltd,0,1,484271.0,0.0,False,False,0,HDFC Small Cap Fund,,,0,0,1,1
Leela Palaces Hotels and Resorts Ltd,0,2,3223774.5,0.0,False,False,0,"Franklin Small Cap Fund,HDFC Small Cap Fund",,,0,0,2,2
Tejas Networks Ltd,0,1,5763697.0,0.0,False,False,0,HDFC Small Cap Fund,,,0,0,1,1
Galaxy Surfactants Ltd,0,2,1381952.5,0.4286464472703964,False,False,0,"HDFC Small Cap Fund,Nippon Small Cap Fund",,,0,0,2,2
Tata Motors Ltd,1,1,2036433.0,-81.24689202937681,False,False,0,HDFC Small Cap Fund,HDFC Small Cap Fund,,1,0,1,1
Vishal Mega Mart Ltd,0,4,7944248.5,-11.470430840360185,False,False,0,"Canara Robeco Small Cap Fund,Franklin Small Cap Fund,HDFC Small Cap Fund,Mirae Small Cap Fund",,HDFC Small Cap Fund,0,1,4,4
Voltamp Transformers Ltd,0,2,513738.0,0.0,False,False,0,"HDFC Small Cap Fund,Mirae Small Cap Fund",,,0,0,2,2
Polyplex Corp Ltd,0,1,657517.0,0.0,False,False,0,HDFC Small Cap Fund,,,0,0,1,1
RITES Ltd Ordinary Shares,0,1,9200000.0,0.0,False,False,0,HDFC Small Cap Fund,,,0,0,1,1
Studds Accessories Ltd,0,1,556582.0,1.0943462711399545,False,False,0,HDFC Small Cap Fund,,,0,0,1,1
Whirlpool of India Ltd,0,2,3155152.5,4.759319806032193,False,False,0,"HDFC Small Cap Fund,Nippon Small Cap Fund",,,0,0,2,2
MAS Financial Services Ltd Ordinary Shares,0,1,14179150.0,1.7186824876199578,False,False,0,HDFC Small Cap Fund,,,0,0,1,1
R K Swamy Ltd,0,1,1727453.0,-0.4710684138142426,False,False,0,HDFC Small Cap Fund,,,0,0,1,1
Raymond Lifestyle Ltd,0,1,936263.0,-5.492321389276392,False,False,0,HDFC Small Cap Fund,,,0,0,1,1
Fineotex Chemical Ltd,0,1,14829218.0,0.0,False,False,0,HDFC Small Cap Fund,,,0,0,1,1
Wework India Management Ltd,1,2,2043747.5,0.0,False,False,0,"Franklin Small Cap Fund,Kotak Small Cap Fund",Franklin Small Cap Fund,,1,0,2,2
Chalet Hotels Ltd,0,3,2852229.6666666665,4.566754128071117,False,False,0,"Kotak Small Cap Fund,Mirae Small Cap Fund,Nippon Small Cap Fund",,,0,0,3,3
V2 Retail Ltd,0,1,717283.0,5.057619750656168,False,False,0,Kotak Small Cap Fund,,,0,0,1,1
CCL Products (India) Ltd,0,4,2989858.5,2.3518709361397847,False,False,0,"Canara Robeco Small Cap Fund,Kotak Small Cap Fund,Motilal Oswal Small Cap Fund,Nippon Small Cap Fund",,,0,0,4,4
KEI Industries Ltd,0,5,381853.6,0.0,False,False,0,"Canara Robeco Small Cap Fund,Kotak Small Cap Fund,Mirae Small Cap Fund,Motilal Oswal Small Cap Fund,Nippon Small Cap Fund",,,0,0,5,5
Varroc Engineering Ltd Ordinary Shares,0,1,1777664.0,1.521975266902492,False,False,0,Kotak Small Cap Fund,,,0,0,1,1
Cholafin_25/11/2025,0,1,0.0,0.0,False,False,0,Kotak Small Cap Fund,,Kotak Small Cap Fund,0,1,1,1
Triveni Turbine Ltd,0,3,1201408.0,0.0,False,False,0,"Canara Robeco Small Cap Fund,Franklin Small Cap Fund,Kotak Small Cap Fund",,,0,0,3,3
Cholamandalam Investment and Finance Co Ltd,0,1,471970.0,6.3584778954105206,False,False,0,Kotak Small Cap Fund,,,0,0,1,1
Rubicon Research Limited,1,1,728864.0,0.0,False,False,0,Kotak Small Cap Fund,Kotak Small Cap Fund,Kotak Small Cap Fund,1,1,1,1
Rossari Biotech Ltd Ordinary Shares,0,1,855648.0,0.0,False,False,0,Kotak Small Cap Fund,,,0,0,1,1
Transformers & Rectifiers (India) Ltd,0,1,2010890.0,0.0,False,False,0,Kotak Small Cap Fund,,,0,0,1,1
Thirumalai Chemicals Limited,1,1,1083586.0,0.0,False,False,0,Kotak Small Cap Fund,Kotak Small Cap Fund,Kotak Small Cap Fund,1,1,1,1
V-Mart Retail Ltd,0,1,1895240.0,4.625691711823911,False,False,0,Kotak Small Cap Fund,,,0,0,1,1
Dr Agarwals Health Care Ltd,0,3,2657832.6666666665,0.9542585347110181,False,False,0,"Canara Robeco Small Cap Fund,Franklin Small Cap Fund,Kotak Small Cap Fund",,,0,0,3,3
Gabriel India Ltd,0,3,3485254.6666666665,3.1380539854251377,False,False,0,"Canara Robeco Small Cap Fund,Kotak Small Cap Fund,Mirae Small Cap Fund",,,0,0,3,3
Five-Star Business Finance Ltd,0,1,2264561.0,6.950837943973344,False,False,0,Kotak Small Cap Fund,,,0,0,1,1
Vijaya Diagnostic Centre Ltd,0,3,1602630.6666666667,0.4166169747565096,False,False,0,"Kotak Small Cap Fund,Motilal Oswal Small Cap Fund,Nippon Small Cap Fund",,,0,0,3,3
Rubicon Research Limited- Locked In,1,1,0.0,-100.0,False,False,0,Kotak Small Cap Fund,Kotak Small Cap Fund,Kotak Small Cap Fund,1,1,1,1
Pricol Ltd,0,1,2260234.0,-3.0588209055599016,False,False,0,Kotak Small Cap Fund,,,0,0,1,1
Aditya Birla Capital Ltd,0,0,0.0,0.0,False,False,0,,,,0,0,0,0
Ola Electric Mobility Ltd,0,1,0.0,-100.0,False,False,0,Kotak Small Cap Fund,,Kotak Small Cap Fund,0,1,1,1
Suzlon Energy Ltd,0,1,20324400.0,0.0,False,False,0,Motilal Oswal Small Cap Fund,,,0,0,1,1
Aditya Vision Ltd,0,3,4385672.333333333,5.404418615083493,False,False,0,"Kotak Small Cap Fund,Mirae Small Cap Fund,Nippon Small Cap Fund",,,0,0,3,3
VA Tech Wabag Ltd,0,2,583299.0,2.799376508265248,False,False,0,"Kotak Small Cap Fund,Nippon Small Cap Fund",,Nippon Small Cap Fund,0,1,2,2
Thirumalai Chemicals Limited - Locked In,1,1,0.0,-100.0,False,False,0,Kotak Small Cap Fund,Kotak Small Cap Fund,Kotak Small Cap Fund,1,1,1,1
Rubicon Research Ltd,0,1,1639976.0,93.93517976516944,False,False,0,Kotak Small Cap Fund,,,0,0,1,1
La Opala RG Ltd,0,1,9444822.0,0.0,False,False,0,Mirae Small Cap Fund,,,0,0,1,1
Shoppers Stop Ltd,0,2,6698789.0,15.318460994276158,False,False,0,"Mirae Small Cap Fund,Navi Small Cap Fund",,,0,0,2,2
Tega Industries Ltd,1,3,1227829.0,129.53382634388487,False,False,0,"Canara Robeco Small Cap Fund,Mirae Small Cap Fund,Navi Small Cap Fund",Mirae Small Cap Fund,,1,0,3,3
Indian Bank,0,1,9688128.0,0.0,False,False,0,Mirae Small Cap Fund,,,0,0,1,1
Goodyear India Ltd,0,1,1256330.0,0.0,False,False,0,Mirae Small Cap Fund,,,0,0,1,1
NRB Bearings Ltd,0,1,8748982.0,0.0,False,False,0,Mirae Small Cap Fund,,,0,0,1,1
Unichem Laboratories Ltd,0,1,5458645.0,0.0,False,False,0,Mirae Small Cap Fund,,,0,0,1,1
The Anup Engineering Ltd,0,1,1228628.0,0.0,False,False,0,Mirae Small Cap Fund,,,0,0,1,1
Akzo Nobel India Ltd,0,3,544907.6666666666,17.689927512712323,False,False,0,"Canara Robeco Small Cap Fund,Mirae Small Cap Fund,Navi Small Cap Fund",,,0,0,3,3
Fortis Healthcare Ltd,0,2,5043038.0,0.0,False,False,0,"Mirae Small Cap Fund,Nippon Small Cap Fund",,,0,0,2,2
SKF India Ltd,0,1,1108471.0,0.0,False,False,0,Mirae Small Cap Fund,,,0,0,1,1
Jagran Prakashan Ltd,0,1,2348332.0,0.0,False,False,0,Mirae Small Cap Fund,,,0,0,1,1
Suprajit Engineering Ltd,0,2,6483440.5,0.0,False,False,0,"Mirae Small Cap Fund,Nippon Small Cap Fund",,,0,0,2,2
Transport Corp of India Ltd,0,2,2768049.5,0.0617957542904767,False,False,0,"Mirae Small Cap Fund,Navi Small Cap Fund",,,0,0,2,2
TCPL Packaging Ltd,0,1,53257.0,0.0,False,False,0,Mirae Small Cap Fund,,,0,0,1,1
SKF India (Industrial) Ltd,1,1,1108471.0,0.0,False,False,0,Mirae Small Cap Fund,Mirae Small Cap Fund,,1,0,1,1
Lumax Industries Ltd,0,1,435082.0,0.0,False,False,0,Mirae Small Cap Fund,,,0,0,1,1
Dodla Dairy Ltd,0,1,3753410.0,30.06259163247973,False,False,0,Mirae Small Cap Fund,,,0,0,1,1
Godrej Consumer Products Ltd,0,1,4998413.0,6.536172414910251,False,False,0,Mirae Small Cap Fund,,,0,0,1,1
TCI Express Ltd,0,1,1140052.0,0.0,False,False,0,Mirae Small Cap Fund,,,0,0,1,1
Gateway Distriparks Ltd,0,1,33756481.0,0.0,False,False,0,Mirae Small Cap Fund,,,0,0,1,1
Tata Steel Ltd,0,1,15443425.0,0.0,False,False,0,Mirae Small Cap Fund,,,0,0,1,1
Firstsource Solutions Ltd,0,3,20626027.333333332,0.0,False,False,0,"Mirae Small Cap Fund,Motilal Oswal Small Cap Fund,Nippon Small Cap Fund",,,0,0,3,3
D B Corp Ltd,0,1,4922150.0,0.0,False,False,0,Mirae Small Cap Fund,,,0,0,1,1
Pearl Global Industries Ltd,0,1,2738964.0,1.5520727239560372,False,False,0,Mirae Small Cap Fund,,,0,0,1,1
IFGL Refractories Ltd,0,1,6549367.0,0.0,False,False,0,Mirae Small Cap Fund,,,0,0,1,1
Home First Finance Co India Ltd ---,0,3,1914849.3333333333,0.0,False,False,0,"Canara Robeco Small Cap Fund,Franklin Small Cap Fund,Mirae Small Cap Fund",,,0,0,3,3
The Federal Bank Ltd,0,3,13307468.0,4.18475618750163,False,False,0,"Franklin Small Cap Fund,Mirae Small Cap Fund,Motilal Oswal Small Cap Fund",,,0,0,3,3
Sharda Cropchem Ltd,0,1,5406610.0,0.0,False,False,0,Mirae Small Cap Fund,,,0,0,1,1
Redtape Ltd,0,1,22396179.0,0.0,False,False,0,Mirae Small Cap Fund,,,0,0,1,1
Aadhar Housing Finance Ltd,0,2,3129767.0,0.0,False,False,0,"Mirae Small Cap Fund,Nippon Small Cap Fund",,,0,0,2,2
BEML Ltd,0,2,508231.0,0.0,False,False,0,"Franklin Small Cap Fund,Mirae Small Cap Fund",,,0,0,2,2
Delta Corp Ltd,0,1,0.0,0.0,False,False,0,Mirae Small Cap Fund,,Mirae Small Cap Fund,0,1,1,1
Gujarat Pipavav Port Ltd,0,2,9829802.5,0.0,False,False,0,"Mirae Small Cap Fund,Navi Small Cap Fund",,,0,0,2,2
Insecticides (India) Ltd,0,1,2636351.0,0.0,False,False,0,Mirae Small Cap Fund,,,0,0,1,1
T.V. Today Network Ltd,0,1,1807956.0,-20.842868832828593,False,False,0,Mirae Small Cap Fund,,,0,0,1,1
SKF India (Industrial) Limited **,1,1,0.0,-100.0,False,False,0,Mirae Small Cap Fund,Mirae Small Cap Fund,Mirae Small Cap Fund,1,1,1,1
FIEM Industries Ltd,0,1,1730998.0,1.2494465199337637,False,False,0,Mirae Small Cap Fund,,,0,0,1,1
360 One Wam Ltd Ordinary Shares,0,2,73426.5,-50.0,False,False,0,"Canara Robeco Small Cap Fund,Franklin Small Cap Fund",,Franklin Small Cap Fund,0,1,2,2
Ratnamani Metals & Tubes Ltd,0,3,248152.66666666666,-33.333333333333336,False,False,0,"Canara Robeco Small Cap Fund,Franklin Small Cap Fund,Motilal Oswal Small Cap Fund",,"Canara Robeco Small Cap Fund,Franklin Small Cap Fund",0,2,3,3
Hexaware Technologies Ltd Ordinary Shares,0,2,584505.5,0.0,False,False,0,"Canara Robeco Small Cap Fund,Franklin Small Cap Fund",,Canara Robeco Small Cap Fund,0,1,2,2
International Gemmological Institute (India) Ltd,0,1,684863.0,0.0,False,False,0,Canara Robeco Small Cap Fund,,,0,0,1,1
Bharat Rasayan Ltd,0,1,103912.0,300.0,False,False,0,Canara Robeco Small Cap Fund,,,0,0,1,1
Mrs Bectors Food Specialities Ltd Ordinary Shares,0,3,5147470.0,400.0,False,False,0,"Canara Robeco Small Cap Fund,Franklin Small Cap Fund,Nippon Small Cap Fund",,,0,0,3,3
Gillette India Ltd,0,1,23422.0,0.0,False,False,0,Canara Robeco Small Cap Fund,,,0,0,1,1
Solar Industries India Ltd,0,1,32376.0,0.0,False,False,0,Canara Robeco Small Cap Fund,,,0,0,1,1
Schneider Electric Infrastructure Ltd,0,1,234802.0,11.915996987635962,False,False,0,Canara Robeco Small Cap Fund,,,0,0,1,1
Le Travenues Technology Ltd,0,1,894257.0,0.0,False,False,0,Canara Robeco Small Cap Fund,,,0,0,1,1
Blue Jet Healthcare Ltd,0,1,0.0,0.0,False,False,0,Canara Robeco Small Cap Fund,,Canara Robeco Small Cap Fund,0,1,1,1
Capillary Technologies India Ltd,1,1,314549.0,0.0,False,False,0,Canara Robeco Small Cap Fund,Canara Robeco Small Cap Fund,,1,0,1,1
PB Fintech Ltd,0,2,1182559.0,0.0,False,False,0,"Canara Robeco Small Cap Fund,Nippon Small Cap Fund",,,0,0,2,2
Ather Energy Ltd,2,4,1054018.0,-8.43509905920505,False,False,0,"Canara Robeco Small Cap Fund,Franklin Small Cap Fund,Motilal Oswal Small Cap Fund,Nippon Small Cap Fund","Motilal Oswal Small Cap Fund,Nippon Small Cap Fund",,2,0,4,4
Inventurus Knowledge Solutions Ltd,1,2,487300.5,0.0,False,False,0,"Canara Robeco Small Cap Fund,Nippon Small Cap Fund",Canara Robeco Small Cap Fund,,1,0,2,2
Global Health Ltd,0,2,957089.0,0.0,False,False,0,"Canara Robeco Small Cap Fund,Franklin Small Cap Fund",,,0,0,2,2
Safari Industries (India) Ltd,0,3,258537.0,0.0,False,False,0,"Canara Robeco Small Cap Fund,Franklin Small Cap Fund,Motilal Oswal Small Cap Fund",,,0,0,3,3
Ganesha Ecosphere Ltd,0,2,289352.0,0.0,False,False,0,"Canara Robeco Small Cap Fund,Navi Small Cap Fund",,Canara Robeco Small Cap Fund,0,1,2,2
Sundaram Finance Ltd,1,1,34855.0,0.0,False,False,0,Canara Robeco Small Cap Fund,Canara Robeco Small Cap Fund,,1,0,1,1
Technocraft Industries (India) Ltd,0,1,0.0,0.0,False,False,0,Canara Robeco Small Cap Fund,,Canara Robeco Small Cap Fund,0,1,1,1
Max Financial Services Ltd,0,1,110000.0,0.0,False,False,0,Canara Robeco Small Cap Fund,,,0,0,1,1
JK Cement Ltd,0,1,35960.0,0.0,False,False,0,Canara Robeco Small Cap Fund,,,0,0,1,1
Shivalik Bimetal Controls Ltd,0,1,0.0,0.0,False,False,0,Canara Robeco Small Cap Fund,,Canara Robeco Small Cap Fund,0,1,1,1
InterGlobe Aviation Ltd,0,1,729805.0,79.36086234184992,False,False,0,Franklin Small Cap Fund,,,0,0,1,1
Entero Healthcare Solutions Ltd,0,1,0.0,0.0,False,False,0,Franklin Small Cap Fund,,Franklin Small Cap Fund,0,1,1,1
Swiggy Ltd,0,2,7641838.5,8.299624758811214,False,False,0,"Franklin Small Cap Fund,Motilal Oswal Small Cap Fund",,,0,0,2,2
Corona Remedies Ltd,1,1,1255187.0,0.0,False,False,0,Franklin Small Cap Fund,Franklin Small Cap Fund,,1,0,1,1
Aether Industries Ltd,0,1,303495.0,0.0,False,False,0,Franklin Small Cap Fund,,,0,0,1,1
SBFC Finance Ltd,0,2,8743092.0,0.0,False,False,0,"Franklin Small Cap Fund,Nippon Small Cap Fund",,,0,0,2,2
L&T Finance Ltd,0,2,7082725.0,0.0,False,False,0,"Franklin Small Cap Fund,Nippon Small Cap Fund",,,0,0,2,2
Phoenix Mills Ltd,0,2,1044035.5,0.0,False,False,0,"Franklin Small Cap Fund,Nippon Small Cap Fund",,,0,0,2,2
AU Small Finance Bank Ltd,1,1,1819482.0,11.129352914769449,False,False,0,Franklin Small Cap Fund,Franklin Small Cap Fund,,1,0,1,1
Apollo Hospitals Enterprise Ltd,0,1,151411.0,0.0,False,False,0,Franklin Small Cap Fund,,,0,0,1,1
Nippon Life India Asset Management Ltd Ordinary Shares,0,2,1504230.5,-13.410460673393503,False,False,0,"Franklin Small Cap Fund,Motilal Oswal Small Cap Fund",,,0,0,2,2
Laxmi Dental Ltd,0,0,0.0,0.0,False,False,0,,,,0,0,0,0
Concord Biotech Ltd,0,2,359937.0,-30.595591063408374,False,False,0,"Franklin Small Cap Fund,Motilal Oswal Small Cap Fund",,,0,0,2,2
KSB Ltd,0,2,1107778.5,0.0,False,False,0,"Franklin Small Cap Fund,Navi Small Cap Fund",,,0,0,2,2
BSE Ltd,0,2,458022.0,-50.0,False,False,0,"Franklin Small Cap Fund,Nippon Small Cap Fund",,Nippon Small Cap Fund,0,1,2,2
Brainbees Solutions Ltd,0,1,104542.0,0.0,False,False,0,Franklin Small Cap Fund,,,0,0,1,1
Trent Ltd,0,1,377747.0,0.0,False,False,0,Franklin Small Cap Fund,,,0,0,1,1
Ingersoll-Rand (India) Ltd,0,1,95565.0,0.0,False,False,0,Franklin Small Cap Fund,,,0,0,1,1
ZF Commercial Vehicle Control Systems India Ltd,0,2,85950.5,66.45408559103745,False,False,0,"Franklin Small Cap Fund,Motilal Oswal Small Cap Fund",,,0,0,2,2
Go Digit General Insurance Ltd,0,1,4384695.0,0.0,False,False,0,Franklin Small Cap Fund,,,0,0,1,1
Neogen Chemicals Ltd,0,2,720166.0,0.0,False,False,0,"Franklin Small Cap Fund,Nippon Small Cap Fund",,,0,0,2,2
Anant Raj Ltd,0,2,3088695.0,0.0,False,False,0,"Navi Small Cap Fund,Nippon Small Cap Fund",,,0,0,2,2
Natco Pharma Ltd,0,1,549064.0,0.0,False,False,0,Navi Small Cap Fund,,,0,0,1,1
Sundaram Clayton Ltd,0,1,1507381.0,0.0,False,False,0,Navi Small Cap Fund,,,0,0,1,1
Rallis India Ltd,0,1,540349.0,0.0,False,False,0,Navi Small Cap Fund,,,0,0,1,1
Cello World Ltd,0,1,1692675.0,0.0,False,False,0,Navi Small Cap Fund,,,0,0,1,1
Network People Services Technologies Ltd,0,1,1532500.0,0.0,False,False,0,Navi Small Cap Fund,,,0,0,1,1
CarTrade Tech Ltd,0,1,723809.0,0.5002735328503234,False,False,0,Navi Small Cap Fund,,,0,0,1,1
VIP Industries Ltd,0,1,4692204.0,0.0,False,False,0,Navi Small Cap Fund,,,0,0,1,1
Allcargo Logistics Ltd,0,1,17112968.0,0.0,False,False,0,Navi Small Cap Fund,,,0,0,1,1
Sundrop Brands Ltd,0,1,1782421.0,0.0,False,False,0,Navi Small Cap Fund,,,0,0,1,1
Hikal Ltd,0,1,3300000.0,0.0,False,False,0,Navi Small Cap Fund,,,0,0,1,1
Sri Lotus Developers And Realty Ltd,0,1,2777562.0,0.0,False,False,0,Navi Small Cap Fund,,,0,0,1,1
Vardhman Special Steels Ltd,0,1,2378601.0,0.0,False,False,0,Navi Small Cap Fund,,,0,0,1,1
Ramco Industries Ltd,0,1,2281581.0,0.0,False,False,0,Navi Small Cap Fund,,,0,0,1,1
Eveready Industries India Ltd,0,1,1772916.0,0.0,False,False,0,Navi Small Cap Fund,,,0,0,1,1
IDFC First Bank Ltd,1,2,40872180.0,98.32757099291169,False,False,0,"Motilal Oswal Small Cap Fund,Navi Small Cap Fund",Motilal Oswal Small Cap Fund,,1,0,2,2
ASK Automotive Ltd,0,1,3158073.0,0.0,False,False,0,Navi Small Cap Fund,,,0,0,1,1
Allcargo Global Ltd.,1,1,17112968.0,0.0,False,False,0,Navi Small Cap Fund,Navi Small Cap Fund,,1,0,1,1
MM Forgings Ltd,0,1,1576286.0,0.0,False,False,0,Navi Small Cap Fund,,,0,0,1,1
Smartworks Coworking Spaces Ltd,0,1,2168435.0,0.0,False,False,0,Navi Small Cap Fund,,,0,0,1,1
Transindia Real Estate Ltd,0,1,3095712.0,0.0,False,False,0,Navi Small Cap Fund,,,0,0,1,1
CE Info Systems Ltd,0,1,1850822.0,0.0,False,False,0,Navi Small Cap Fund,,,0,0,1,1
POWERGRID Infrastructure Investment Trust Units,0,1,1043500.0,0.0,False,False,0,Navi Small Cap Fund,,,0,0,1,1
SAMHI Hotels Ltd,0,1,11907432.0,0.0,False,False,0,Navi Small Cap Fund,,,0,0,1,1
Prudent Corporate Advisory Services Ltd,0,2,287260.0,0.0,False,False,0,"Motilal Oswal Small Cap Fund,Nippon Small Cap Fund",,,0,0,2,2
Atlanta Electricals Ltd,0,1,229387.0,0.0,False,False,0,Nippon Small Cap Fund,,,0,0,1,1
Hindalco Industries Ltd,0,1,1430102.0,0.0,False,False,0,Nippon Small Cap Fund,,,0,0,1,1
PDS Ltd,0,1,1399254.0,0.0,False,False,0,Nippon Small Cap Fund,,,0,0,1,1
Tech Mahindra Ltd,0,1,868319.0,0.0,False,False,0,Nippon Small Cap Fund,,,0,0,1,1
Coforge Ltd,0,1,1129938.0,0.0,False,False,0,Nippon Small Cap Fund,,,0,0,1,1
VST Industries Ltd,0,1,0.0,0.0,False,False,0,Nippon Small Cap Fund,,Nippon Small Cap Fund,0,1,1,1
HeidelbergCement India Ltd,0,1,5040690.0,0.0,False,False,0,Nippon Small Cap Fund,,,0,0,1,1
KNR Constructions Ltd,0,1,3873356.0,0.0,False,False,0,Nippon Small Cap Fund,,,0,0,1,1
Devyani International Ltd,0,2,10450170.5,0.0,False,False,0,"Motilal Oswal Small Cap Fund,Nippon Small Cap Fund",,,0,0,2,2
UNO Minda Ltd,0,2,786840.5,0.0,False,False,0,"Motilal Oswal Small Cap Fund,Nippon Small Cap Fund",,,0,0,2,2
Happy Forgings Ltd,0,2,330206.0,0.0,False,False,0,"Motilal Oswal Small Cap Fund,Nippon Small Cap Fund",,,0,0,2,2
TeamLease Services Ltd,0,1,271086.0,0.0,False,False,0,Nippon Small Cap Fund,,,0,0,1,1
Niva Bupa Health Insurance Co Ltd,0,1,15589384.0,11.9536138962977,False,False,0,Nippon Small Cap Fund,,,0,0,1,1
Laurus Labs Ltd,1,2,1415314.5,0.0,False,False,0,"Motilal Oswal Small Cap Fund,Nippon Small Cap Fund",Motilal Oswal Small Cap Fund,,1,0,2,2
Mahanagar Gas Ltd,0,1,1157462.0,0.0,False,False,0,Nippon Small Cap Fund,,,0,0,1,1
Container Corporation of India Ltd,0,1,840528.0,0.0,False,False,0,Nippon Small Cap Fund,,,0,0,1,1
Alembic Pharmaceuticals Ltd,0,1,1455416.0,0.0,False,False,0,Nippon Small Cap Fund,,,0,0,1,1
Ajax Engineering Ltd,0,1,0.0,0.0,False,False,0,Nippon Small Cap Fund,,Nippon Small Cap Fund,0,1,1,1
Tata Consultancy Services Ltd,0,1,780213.0,34.470099773703794,False,False,0,Nippon Small Cap Fund,,,0,0,1,1
SJS Enterprises Ltd,0,1,1377351.0,0.0,False,False,0,Nippon Small Cap Fund,,,0,0,1,1
L&T Technology Services Ltd,0,0,0.0,0.0,False,False,0,,,,0,0,0,0
Midwest Ltd,1,1,361349.0,0.5260698050954493,False,False,0,Nippon Small Cap Fund,Nippon Small Cap Fund,,1,0,1,1
Azad Engineering Ltd,0,1,686848.0,159.70144739031142,False,False,0,Nippon Small Cap Fund,,,0,0,1,1
Titagarh Rail Systems Ltd,0,2,1281616.0,0.0,False,False,0,"Motilal Oswal Small Cap Fund,Nippon Small Cap Fund",,,0,0,2,2
CG Power & Industrial Solutions Ltd,0,1,859225.0,0.0,False,False,0,Nippon Small Cap Fund,,,0,0,1,1
Tenneco Clean Air India Ltd,1,1,2213157.0,0.0,False,False,0,Nippon Small Cap Fund,Nippon Small Cap Fund,,1,0,1,1
Ahluwalia Contracts (India) Ltd,0,1,3220147.0,0.0,False,False,0,Nippon Small Cap Fund,,,0,0,1,1
Engineers India Ltd,0,2,6449461.0,-3.650440325636168,False,False,0,"Motilal Oswal Small Cap Fund,Nippon Small Cap Fund",,,0,0,2,2
Havells India Ltd,0,1,635613.0,0.0,False,False,0,Nippon Small Cap Fund,,,0,0,1,1
EIH Ltd,0,1,6697900.0,0.0,False,False,0,Motilal Oswal Small Cap Fund,,,0,0,1,1
Apollo Pipes Ltd,0,1,0.0,0.0,False,False,0,Motilal Oswal Small Cap Fund,,Motilal Oswal Small Cap Fund,0,1,1,1
Cera Sanitaryware Ltd,0,1,338650.0,0.0,False,False,0,Motilal Oswal Small Cap Fund,,,0,0,1,1
Seshaasai Technologies Ltd,0,1,1001817.0,30.11962281795511,False,False,0,Motilal Oswal Small Cap Fund,,,0,0,1,1
Carraro India Ltd,0,1,1587136.0,0.0,False,False,0,Motilal Oswal Small Cap Fund,,,0,0,1,1
Somany Ceramics Ltd,0,1,1267006.0,-7.37332612988289,False,False,0,Motilal Oswal Small Cap Fund,,,0,0,1,1
Wim Plast Ltd,0,1,457523.0,0.0,False,False,0,Motilal Oswal Small Cap Fund,,,0,0,1,1
Hindustan Foods Ltd,0,1,1124431.0,0.0,False,False,0,Motilal Oswal Small Cap Fund,,,0,0,1,1
IIFL Capital Services Ltd Ordinary Shares,0,1,0.0,0.0,False,False,0,Motilal Oswal Small Cap Fund,,Motilal Oswal Small Cap Fund,0,1,1,1
Oberoi Realty Ltd,0,1,911600.0,0.0,False,False,0,Motilal Oswal Small Cap Fund,,,0,0,1,1
Nesco Ltd,0,1,671080.0,0.0,False,False,0,Motilal Oswal Small Cap Fund,,,0,0,1,1
Motherson Sumi Wiring India Ltd,0,1,20583300.0,0.0,False,False,0,Motilal Oswal Small Cap Fund,,,0,0,1,1
Finolex Industries Ltd,0,1,5270722.0,-8.083610483450602,False,False,0,Motilal Oswal Small Cap Fund,,,0,0,1,1
Alkyl Amines Chemicals Ltd,0,1,460300.0,0.0,False,False,0,Motilal Oswal Small Cap Fund,,,0,0,1,1
Indo Count Industries Ltd,0,1,4749000.0,14.727243166433258,False,False,0,Motilal Oswal Small Cap Fund,,,0,0,1,1
PTC Industries Ltd,0,1,80656.0,0.0,False,False,0,Motilal Oswal Small Cap Fund,,,0,0,1,1
IIFL Finance Ltd,0,1,3822687.0,12.432565819466102,False,False,0,Motilal Oswal Small Cap Fund,,,0,0,1,1
Metro Brands Ltd,0,1,594327.0,58.1178367333908,False,False,0,Motilal Oswal Small Cap Fund,,,0,0,1,1
Supreme Petrochem Ltd,0,1,3036408.0,-0.9382846225720742,False,False,0,Motilal Oswal Small Cap Fund,,,0,0,1,1
Meesho Ltd,1,1,984968.0,0.0,False,False,0,Motilal Oswal Small Cap Fund,Motilal Oswal Small Cap Fund,,1,0,1,1
Polycab India Ltd,0,1,272724.0,0.0,False,False,0,Motilal Oswal Small Cap Fund,,,0,0,1,1
Senores Pharmaceuticals Ltd,1,1,398978.0,0.0,False,False,0,Motilal Oswal Small Cap Fund,Motilal Oswal Small Cap Fund,,1,0,1,1
Techno Electric & Engineering Co Ltd,0,1,1802980.0,-2.3822672687305766,False,False,0,Motilal Oswal Small Cap Fund,,,0,0,1,1
Housing & Urban Development Corp Ltd,0,1,8043000.0,0.0,False,False,0,Motilal Oswal Small Cap Fund,,,0,0,1,1
Ipca Laboratories Ltd,0,1,606800.0,0.0,False,False,0,Motilal Oswal Small Cap Fund,,,0,0,1,1
Supreme Industries Ltd,0,1,0.0,0.0,False,False,0,Motilal Oswal Small Cap Fund,,Motilal Oswal Small Cap Fund,0,1,1,1
Godfrey Phillips India Ltd,1,1,214900.0,0.0,False,False,0,Motilal Oswal Small Cap Fund,Motilal Oswal Small Cap Fund,,1,0,1,1
