,security_name,isin,sector,total_weight_pct,num_funds_holding,avg_weight_pct,coverage_pct
371,Multi Commodity Exchange of India Ltd,INE745G01035,Financial Services,14.98833,7,1.5,70.0
327,Krishna Institute of Medical Sciences Ltd,INE967H01025,Healthcare,13.63633,6,1.36,60.0
317,Karur Vysya Bank Ltd,INE036D01028,Financial Services,12.09926,6,1.21,60.0
458,Reliance Industries Ltd,INE002A01018,Energy,10.016259999999999,2,1.0,20.0
516,Sudarshan Chemical Industries Ltd,INE659A01023,Basic Materials,9.91036,4,0.99,40.0
119,Cholamandalam Financial Holdings Ltd,INE149A01033,Financial Services,9.86092,6,0.99,60.0
98,CCL Products (India) Ltd,INE421D01022,Consumer Defensive,9.746879999999999,4,0.97,40.0
622,eClerx Services Ltd,INE738I01010,Technology,9.65385,5,0.97,50.0
473,Sai Life Sciences Ltd,INE570L01029,Healthcare,9.59069,6,0.96,60.0
42,Apar Industries Ltd,INE372A01015,Industrials,8.839459999999999,7,0.88,70.0
318,Kaynes Technology India Ltd,INE918Z01012,Industrials,7.8854,6,0.79,60.0
55,Aster DM Healthcare Ltd Ordinary Shares,INE914M01019,Healthcare,7.83265,5,0.78,50.0
196,Gabriel India Ltd,INE524A01029,Consumer Cyclical,7.28495,3,0.73,30.0
325,Kirloskar Pneumatic Co Ltd,INE811A01020,Industrials,7.0578,5,0.71,50.0
12,Aditya Birla Real Estate Ltd,INE055A01016,Basic Materials,7.0905000000000005,6,0.71,60.0
288,JK Lakshmi Cement Ltd,INE786A01032,Basic Materials,6.98487,5,0.7,50.0
94,Brigade Enterprises Ltd,INE791I01019,Real Estate,6.888590000000001,5,0.69,50.0
150,Dr Agarwalâ€™s Health Care Ltd,INE943P01029,Healthcare,6.72855,3,0.67,30.0
298,Jio Financial Services Ltd,INE758E01017,Financial Services,6.5563,1,0.66,10.0
187,Firstsource Solutions Ltd,INE684F01012,Technology,6.60372,3,0.66,30.0
444,Radico Khaitan Ltd,INE944F01028,Consumer Defensive,6.454359999999999,6,0.65,60.0
89,Blue Star Ltd,INE472A01039,Industrials,6.2343,5,0.62,50.0
309,KEI Industries Ltd,INE878B01027,Industrials,5.8692,5,0.59,50.0
602,Vishal Mega Mart Ltd,INE01EA01019,Consumer Cyclical,5.89991,4,0.59,40.0
286,J.B. Chemicals & Pharmaceuticals Ltd,INE572A01036,Healthcare,5.8303899999999995,5,0.58,50.0
614,Wockhardt Ltd,INE049B01025,Healthcare,5.55018,4,0.56,40.0
213,Gokaldas Exports Ltd,INE887G01027,Consumer Cyclical,4.99239,5,0.5,50.0
571,Triveni Turbine Ltd,INE152M01016,Industrials,4.9215800000000005,3,0.49,30.0
580,Usha Martin Ltd,INE228A01035,Basic Materials,4.75842,2,0.48,20.0
445,Rainbow Childrens Medicare Ltd,INE961O01016,Healthcare,4.751659999999999,4,0.48,40.0
84,Bikaji Foods International Ltd,INE00E101023,Consumer Defensive,4.84376,3,0.48,30.0
206,Global Health Ltd,INE474Q01031,Healthcare,4.7481100000000005,2,0.47,20.0
370,Mrs Bectors Food Specialities Ltd Ordinary Shares,INE495P01012,Consumer Defensive,4.55887,3,0.46,30.0
503,Sonata Software Ltd,INE269A01021,Technology,4.6159,4,0.46,40.0
108,Carborundum Universal Ltd,INE120A01034,Industrials,4.57777,6,0.46,60.0
500,Sobha Ltd,INE671H01015,Real Estate,4.59207,2,0.46,20.0
563,Time Technoplast Ltd,INE508G01029,Consumer Cyclical,4.4442900000000005,2,0.44,20.0
21,Affle 3i Ltd,INE00WC01027,Communication Services,4.42951,4,0.44,40.0
148,Dixon Technologies (India) Ltd,INE935N01020,Technology,4.362909999999999,3,0.44,30.0
143,Delhivery Ltd,INE148O01028,Industrials,4.2502200000000006,5,0.43,50.0
558,The Federal Bank Ltd,INE171A01029,Financial Services,4.332,3,0.43,30.0
250,Home First Finance Co India Ltd ---,INE481N01025,Financial Services,4.15303,3,0.42,30.0
16,Aegis Logistics Ltd,INE208C01025,Energy,3.98264,2,0.4,20.0
66,BSE Ltd,INE118H01025,Financial Services,3.9577899999999997,3,0.4,30.0
597,Vijaya Diagnostic Centre Ltd,INE043W01024,Healthcare,3.98219,3,0.4,30.0
308,KEC International Ltd,INE389H01022,Industrials,4.03121,5,0.4,50.0
518,Sumitomo Chemical India Ltd Ordinary Shares,INE258G01013,Basic Materials,3.9785200000000005,3,0.4,30.0
192,GE Vernova T&D India Ltd,INE200A01026,Industrials,3.93117,4,0.39,40.0
37,Anand Rathi Wealth Ltd,INE463V01026,Financial Services,3.9455600000000004,2,0.39,20.0
440,RBL Bank Ltd,INE976G01028,Financial Services,3.8014,2,0.38,20.0
323,Kirloskar Ferrous Industries Ltd,INE884B01025,Industrials,3.74061,4,0.37,40.0
116,Chalet Hotels Ltd,INE427F01016,Consumer Cyclical,3.67972,3,0.37,30.0
407,PNB Housing Finance Ltd,INE572E01012,Financial Services,3.68343,4,0.37,40.0
306,Jyoti CNC Automation Ltd,INE980O01024,Industrials,3.55276,4,0.36,40.0
62,Awfis Space Solutions Ltd,INE108V01019,Industrials,3.6385799999999997,3,0.36,30.0
310,KFin Technologies Ltd,INE138Y01010,Technology,3.60807,4,0.36,40.0
489,Shaily Engineering Plastics Ltd,INE151G01028,Basic Materials,3.6415100000000002,2,0.36,20.0
255,IDFC First Bank Ltd,INE092T01019,Financial Services,3.5139,1,0.35,10.0
383,Navin Fluorine International Ltd,INE048G01026,Basic Materials,3.4846799999999996,3,0.35,30.0
231,HDFC Bank Ltd,INE040A01034,Financial Services,3.46633,2,0.35,20.0
170,Eris Lifesciences Ltd Registered Shs,INE406M01024,Healthcare,3.53202,2,0.35,20.0
72,Bank of Baroda,INE028A01039,Financial Services,3.5104699999999998,2,0.35,20.0
64,BASF India Ltd,INE373A01013,Basic Materials,3.3544099999999997,2,0.34,20.0
212,Godrej Industries Ltd,INE233A01035,Industrials,3.4031200000000004,2,0.34,20.0
138,DOMS Industries Ltd,INE321T01012,Industrials,3.33469,4,0.33,40.0
113,Central Depository Services (India) Ltd,INE736A01011,Financial Services,3.33922,4,0.33,40.0
532,Swiggy Ltd,INE00H001014,Consumer Cyclical,3.22958,1,0.32,10.0
315,Kalpataru Projects International Ltd,INE220B01022,Industrials,3.1603,3,0.32,30.0
514,Styrenix Performance Materials Ltd,INE189B01011,Basic Materials,3.11599,2,0.31,20.0
495,Shoppers Stop Ltd,INE498B01024,Consumer Cyclical,3.09391,2,0.31,20.0
71,Balrampur Chini Mills Ltd,INE119A01028,Consumer Defensive,3.09628,5,0.31,50.0
564,Timken India Ltd,INE325A01013,Industrials,3.0559399999999997,4,0.31,40.0
125,Cohance Lifesciences Ltd,INE03QK01018,Healthcare,3.1074599999999997,4,0.31,40.0
131,CreditAccess Grameen Ltd Ordinary Shares,INE741K01010,Financial Services,3.12772,4,0.31,40.0
156,ELANTAS Beck India Ltd,INE280B01018,Basic Materials,3.1378199999999996,2,0.31,20.0
387,Neuland Laboratories Ltd,INE794A01010,Healthcare,3.07611,3,0.31,30.0
307,K.P.R. Mill Ltd,INE930H01031,Consumer Cyclical,3.06072,3,0.31,30.0
220,Greenply Industries Ltd,INE461C01038,Basic Materials,3.12714,3,0.31,30.0
320,Keystone Realtors Ltd,INE263M01029,Real Estate,3.0839,3,0.31,30.0
130,Craftsman Automation Ltd,INE00LO01017,Consumer Cyclical,3.1204,3,0.31,30.0
281,InterGlobe Aviation Ltd,INE646L01027,Industrials,2.97665,2,0.3,20.0
472,Sagility Ltd,INE0W2G01015,Healthcare,2.9710600000000005,3,0.3,30.0
470,Safari Industries (India) Ltd,INE429E01023,Consumer Cyclical,2.89518,4,0.29,40.0
103,Campus Activewear Ltd,INE278Y01022,Consumer Cyclical,2.89289,2,0.29,20.0
290,JM Financial Ltd,INE780C01023,Financial Services,2.94547,3,0.29,30.0
324,Kirloskar Oil Engines Ltd,INE146L01010,Industrials,2.88701,4,0.29,40.0
205,Glenmark Pharmaceuticals Ltd,INE935A01035,Healthcare,2.87458,2,0.29,20.0
501,Solar Industries India Ltd,INE343H01029,Basic Materials,2.86597,1,0.29,10.0
174,Eureka Forbes Ltd,INE0KCE01017,Consumer Cyclical,2.92636,3,0.29,30.0
121,City Union Bank Ltd,INE491A01021,Financial Services,2.89031,3,0.29,30.0
102,CIE Automotive India Ltd,INE536H01010,Consumer Cyclical,2.92637,4,0.29,40.0
584,VA Tech Wabag Ltd,INE956G01038,Industrials,2.81935,2,0.28,20.0
190,Fortis Healthcare Ltd,INE061F01013,Healthcare,2.83121,2,0.28,20.0
452,Ratnamani Metals & Tubes Ltd,INE703B01027,Basic Materials,2.7771,3,0.28,30.0
620,Zensar Technologies Ltd,INE520A01027,Technology,2.82349,3,0.28,30.0
329,L&T Finance Ltd,INE498L01015,Financial Services,2.6656899999999997,3,0.27,30.0
403,PB Fintech Ltd,INE417T01026,Financial Services,2.65974,2,0.27,20.0
0,360 One Wam Ltd Ordinary Shares,INE466L01038,Financial Services,2.65149,2,0.27,20.0
531,Suzlon Energy Ltd,INE040H01021,Industrials,2.6661,2,0.27,20.0
569,Trent Ltd,INE849A01020,Consumer Cyclical,2.71212,2,0.27,20.0
58,Ather Energy Ltd,INE0LEZ01016,Consumer Cyclical,2.55093,2,0.26,20.0
188,Five-Star Business Finance Ltd,INE128S01021,Financial Services,2.63756,2,0.26,20.0
79,Bharat Dynamics Ltd Ordinary Shares,INE171Z01026,Industrials,2.6330400000000003,3,0.26,30.0
99,CE Info Systems Ltd,INE0BV301023,Technology,2.55851,1,0.26,10.0
50,Arvind Ltd,INE034A01011,Consumer Cyclical,2.6181900000000002,2,0.26,20.0
404,PCBL Chemical Ltd,INE602A01031,Basic Materials,2.56979,2,0.26,20.0
415,Pfizer Ltd,INE182A01018,Healthcare,2.52819,2,0.25,20.0
141,Deepak Fertilisers & Petrochemicals Corp Ltd,INE501A01019,Basic Materials,2.54548,3,0.25,30.0
241,Hexaware Technologies Ltd Ordinary Shares,INE093A01041,Technology,2.48632,2,0.25,20.0
152,E I D Parry India Ltd,INE126A01031,Basic Materials,2.40841,2,0.24,20.0
9,Adani Power Ltd,INE814H01011,Utilities,2.36117,1,0.24,10.0
615,Wonderla Holidays Ltd,INE066O01014,Consumer Cyclical,2.36658,2,0.24,20.0
366,Minda Corp Ltd,INE842C01021,Consumer Cyclical,2.40912,3,0.24,30.0
421,Poly Medicure Ltd,INE205C01021,Healthcare,2.39217,1,0.24,10.0
20,Afcons Infrastructure Ltd,INE101I01011,Industrials,2.25442,3,0.23,30.0
456,Redington Ltd,INE891D01026,Technology,2.26451,2,0.23,20.0
508,State Bank of India,INE062A01020,Financial Services,2.3283500000000004,2,0.23,20.0
426,Power Mech Projects Ltd,INE211R01019,Industrials,2.34815,2,0.23,20.0
217,Great Eastern Shipping Co Ltd,INE017A01032,Industrials,2.27684,2,0.23,20.0
238,HealthCare Global Enterprises Ltd,INE075I01017,Healthcare,2.30769,2,0.23,20.0
491,Sharda Motor Industries Ltd,INE597I01028,Consumer Cyclical,2.34223,4,0.23,40.0
621,Zydus Wellness Ltd,INE768C01010,Consumer Defensive,2.31767,2,0.23,20.0
582,V-Mart Retail Ltd,INE665J01013,Consumer Cyclical,2.20643,1,0.22,10.0
408,PNC Infratech Ltd,INE195J01029,Industrials,2.16197,4,0.22,40.0
572,Tube Investments of India Ltd Ordinary Shares,INE974X01010,Industrials,2.16004,2,0.22,20.0
38,Anant Raj Ltd,INE242C01024,Real Estate,2.15863,2,0.22,20.0
389,Nippon Life India Asset Management Ltd Ordinary Shares,INE298J01013,Financial Services,2.20954,2,0.22,20.0
560,The South Indian Bank Ltd,INE683A01023,Financial Services,2.15989,1,0.22,10.0
26,Akzo Nobel India Ltd,INE133A01011,Basic Materials,2.1509,3,0.22,30.0
566,Transformers & Rectifiers (India) Ltd,INE763I01026,Industrials,2.19348,1,0.22,10.0
568,Transport Corp of India Ltd,INE688A01022,Industrials,2.23733,2,0.22,20.0
140,Data Patterns (India) Ltd,INE0IX101010,Industrials,2.2164800000000002,3,0.22,30.0
185,Finolex Cables Ltd,INE235A01022,Industrials,2.1706700000000003,3,0.22,30.0
76,Bayer CropScience Ltd,INE462A01022,Basic Materials,2.24627,2,0.22,20.0
480,Sansera Engineering Ltd,INE953O01021,Consumer Cyclical,2.2415499999999997,4,0.22,40.0
464,SAMHI Hotels Ltd,INE08U801020,Consumer Cyclical,2.20483,1,0.22,10.0
133,Crompton Greaves Consumer Electricals Ltd,INE299U01018,Consumer Cyclical,2.09922,4,0.21,40.0
334,LT Foods Ltd,INE818H01020,Consumer Defensive,2.05906,1,0.21,10.0
273,Indus Towers Ltd Ordinary Shares,INE121J01017,Communication Services,2.06415,1,0.21,10.0
552,Techno Electric & Engineering Co Ltd,INE285K01026,Industrials,2.11902,1,0.21,10.0
300,Jubilant Pharmova Ltd,INE700A01033,Healthcare,2.12744,2,0.21,20.0
14,Aditya Infotech Ltd,INE819V01029,Industrials,2.05916,4,0.21,40.0
583,V2 Retail Ltd,INE945H01013,Consumer Cyclical,2.10143,1,0.21,10.0
596,Vesuvius India Ltd,INE386A01023,Industrials,2.12527,3,0.21,30.0
137,DCB Bank Ltd,INE503A01015,Financial Services,2.05323,2,0.21,20.0
428,Premier Energies Ltd,INE0BS701011,Technology,2.1091100000000003,3,0.21,30.0
441,REC Ltd,INE020B01018,Financial Services,2.06027,1,0.21,10.0
63,Axis Bank Ltd,INE238A01034,Financial Services,2.0405699999999998,2,0.2,20.0
316,Karnataka Bank Ltd,INE614B01018,Financial Services,2.00787,2,0.2,20.0
369,Motilal Oswal Financial Services Ltd,INE338I01027,Financial Services,1.98133,2,0.2,20.0
373,NCC Ltd,INE868B01028,Industrials,2.0209,3,0.2,30.0
328,Krsnaa Diagnostics Ltd,INE08LI01020,Healthcare,2.04805,2,0.2,20.0
496,Siemens Energy India Ltd,INE1NPP01017,Utilities,2.02919,2,0.2,20.0
35,Amber Enterprises India Ltd Ordinary Shares,INE371P01015,Consumer Cyclical,1.95315,3,0.2,30.0
594,Ventive Hospitality Ltd,INE781S01027,Consumer Cyclical,2.04914,1,0.2,10.0
581,V-Guard Industries Ltd,INE951I01027,Industrials,1.98099,1,0.2,10.0
207,Go Digit General Insurance Ltd,INE03JT01014,Financial Services,2.03191,1,0.2,10.0
379,Narayana Hrudayalaya Ltd,INE410P01011,Healthcare,1.94799,2,0.19,20.0
402,P N Gadgil Jewellers Ltd,INE953R01016,Consumer Cyclical,1.85702,4,0.19,40.0
287,JK Cement Ltd,INE823G01014,Basic Materials,1.87037,1,0.19,10.0
8,Adani Enterprises Ltd,INE423A01024,Energy,1.92662,1,0.19,10.0
519,Sun TV Network Ltd,INE424H01027,Communication Services,1.94896,1,0.19,10.0
104,Can Fin Homes Ltd,INE477A01020,Financial Services,1.8906800000000001,4,0.19,40.0
520,Sundaram Clayton Ltd,INE0Q3R01026,Industrials,1.85654,1,0.19,10.0
417,Piramal Enterprises Ltd,INE140A01024,Financial Services,1.81077,2,0.18,20.0
106,Capri Global Capital Ltd,INE180C01042,Financial Services,1.83379,1,0.18,10.0
40,Anthem Biosciences Ltd,INE0CZ201020,Healthcare,1.8314,3,0.18,30.0
607,Welspun Corp Ltd,INE191B01025,Basic Materials,1.7985499999999999,2,0.18,20.0
419,Pitti Engineering Ltd,INE450D01021,Industrials,1.77178,1,0.18,10.0
430,Pricol Ltd,INE726V01018,Consumer Cyclical,1.80981,1,0.18,10.0
145,Devyani International Ltd,INE872J01023,Consumer Cyclical,1.7712700000000001,2,0.18,20.0
416,Phoenix Mills Ltd,INE211B01039,Real Estate,1.7809599999999999,2,0.18,20.0
279,Inox Wind Ltd,INE066P01011,Industrials,1.79452,3,0.18,30.0
513,Strides Pharma Science Ltd,INE939A01011,Healthcare,1.84017,3,0.18,30.0
590,Vardhman Textiles Ltd,INE825A01020,Consumer Cyclical,1.7801,3,0.18,30.0
414,Persistent Systems Ltd,INE262H01021,Technology,1.76017,3,0.18,30.0
397,OneSource Specialty Pharma Ltd,INE013P01021,Healthcare,1.77935,3,0.18,30.0
224,Gujarat Pipavav Port Ltd,INE517F01014,Industrials,1.77999,2,0.18,20.0
233,HFCL Ltd,INE548A01028,Technology,1.84586,1,0.18,10.0
39,Angel One Ltd Ordinary Shares,INE732I01013,Financial Services,1.65773,2,0.17,20.0
215,Graphite India Ltd,INE371A01025,Industrials,1.68139,1,0.17,10.0
204,Gland Pharma Ltd,INE068V01023,Healthcare,1.74494,3,0.17,30.0
11,Aditya Birla Lifestyle Brands Ltd,INE14LE01019,Consumer Cyclical,1.6737799999999998,2,0.17,20.0
266,Indian Bank,INE562A01011,Financial Services,1.74335,1,0.17,10.0
585,VIP Industries Ltd,INE054A01027,Consumer Cyclical,1.72261,1,0.17,10.0
197,Galaxy Surfactants Ltd,INE600K01018,Basic Materials,1.70381,2,0.17,20.0
484,Schloss Bangalore Ltd,INE0AQ201015,Consumer Cyclical,1.6555000000000002,2,0.17,20.0
251,Honda India Power Products Ltd,INE634A01018,Industrials,1.66069,2,0.17,20.0
183,Fine Organic Industries Ltd Ordinary Shares,INE686Y01026,Basic Materials,1.73156,2,0.17,20.0
83,Bharat Rasayan Ltd,INE838B01013,Basic Materials,1.67699,1,0.17,10.0
166,Engineers India Ltd,INE510A01028,Industrials,1.6774,2,0.17,20.0
65,BEML Ltd,INE258A01016,Industrials,1.7322600000000001,2,0.17,20.0
90,Bluestone Jewellery And Lifestyle Ltd,INE304W01038,Consumer Cyclical,1.58911,2,0.16,20.0
411,PVR INOX Ltd,INE191H01014,Communication Services,1.60514,2,0.16,20.0
528,Supreme Petrochem Ltd,INE663A01033,Basic Materials,1.58638,1,0.16,10.0
127,Concord Biotech Ltd,INE338H01029,Healthcare,1.6491500000000001,2,0.16,20.0
163,Emami Ltd,INE548C01032,Consumer Defensive,1.64749,3,0.16,30.0
526,Suprajit Engineering Ltd,INE399C01030,Consumer Cyclical,1.6246099999999999,2,0.16,20.0
591,Varroc Engineering Ltd Ordinary Shares,INE665L01035,Consumer Cyclical,1.60949,1,0.16,10.0
198,Ganesha Ecosphere Ltd,INE845D01014,Consumer Cyclical,1.55239,2,0.16,20.0
498,Sky Gold and Diamonds Ltd,INE01IU01018,Consumer Cyclical,1.55594,1,0.16,10.0
173,Ethos Ltd,INE04TZ01018,Consumer Cyclical,1.62469,3,0.16,30.0
117,Chambal Fertilisers & Chemicals Ltd,INE085A01013,Basic Materials,1.61459,2,0.16,20.0
275,Info Edge (India) Ltd,INE663F01032,Communication Services,1.63214,1,0.16,10.0
605,Voltamp Transformers Ltd,INE540H01012,Industrials,1.60215,2,0.16,20.0
221,Grindwell Norton Ltd,INE536A01023,Industrials,1.6454499999999999,3,0.16,30.0
339,Le Travenues Technology Ltd,INE0HV901016,Consumer Cyclical,1.55154,1,0.16,10.0
86,Birlasoft Ltd,INE836A01035,Technology,1.54123,4,0.15,40.0
211,Godrej Agrovet Ltd Ordinary Shares,INE850D01014,Consumer Defensive,1.5108100000000002,2,0.15,20.0
109,Carraro India Ltd,INE0V7W01012,Consumer Cyclical,1.52081,2,0.15,20.0
406,PG Electroplast Ltd,INE457L01029,Technology,1.4782000000000002,5,0.15,50.0
203,Gillette India Ltd,INE322A01010,Consumer Defensive,1.51725,1,0.15,10.0
282,International Gemmological Institute (India) Ltd,INE0Q9301021,Basic Materials,1.4619,1,0.15,10.0
394,Oil & Natural Gas Corp Ltd,INE213A01029,Energy,1.49429,1,0.15,10.0
554,Tega Industries Ltd,INE011K01018,Industrials,1.4897,1,0.15,10.0
44,Apollo Hospitals Enterprise Ltd,INE437A01024,Healthcare,1.49297,1,0.15,10.0
313,KSB Ltd,INE999A01023,Industrials,1.49712,2,0.15,20.0
462,Rossari Biotech Ltd Ordinary Shares,INE02A801020,Basic Materials,1.3758,1,0.14,10.0
468,SKF India Ltd,INE640A01023,Industrials,1.35604,1,0.14,10.0
616,Yatharth Hospital and Trauma Care Services Ltd,INE0JO301016,Healthcare,1.38397,1,0.14,10.0
490,Sharda Cropchem Ltd,INE221J01015,Basic Materials,1.41384,1,0.14,10.0
228,H.G. Infra Engineering Ltd Ordinary Shares,INE926X01010,Industrials,1.35015,2,0.14,20.0
264,India Shelter Finance Corporation Ltd,INE922K01024,Financial Services,1.36642,2,0.14,20.0
314,Kajaria Ceramics Ltd,INE217B01036,Industrials,1.42924,2,0.14,20.0
372,NBCC India Ltd,INE095N01031,Industrials,1.41068,1,0.14,10.0
390,Nitin Spinners Ltd,INE229H01012,Consumer Cyclical,1.38344,3,0.14,30.0
398,Orchid Pharma Ltd,INE191A01027,Healthcare,1.44613,3,0.14,30.0
471,Sagility India Ltd,INE0W2G01015,Healthcare,1.26641,1,0.13,10.0
412,Paradeep Phosphates Ltd,INE088F01024,Basic Materials,1.27757,1,0.13,10.0
475,Samvardhana Motherson International Ltd,INE775A01035,Consumer Cyclical,1.32438,3,0.13,30.0
4,ASK Automotive Ltd,INE491J01022,Consumer Cyclical,1.33327,1,0.13,10.0
488,Sequent Scientific Ltd,INE807F01027,Healthcare,1.32526,1,0.13,10.0
537,TBO Tek Ltd,INE673O01025,Consumer Cyclical,1.31412,3,0.13,30.0
69,Bajaj Electricals Ltd,INE193E01025,Consumer Cyclical,1.31257,2,0.13,20.0
322,Kirloskar Brothers Ltd,INE732A01036,Industrials,1.33955,1,0.13,10.0
340,Lemon Tree Hotels Ltd,INE970X01018,Consumer Cyclical,1.3151,2,0.13,20.0
135,Cyient Ltd,INE136B01020,Industrials,1.28352,2,0.13,20.0
437,Quess Corp Ltd,INE615P01015,Industrials,1.34934,2,0.13,20.0
611,Whirlpool of India Ltd,INE716A01013,Consumer Cyclical,1.34466,2,0.13,20.0
304,Just Dial Ltd,INE599M01018,Communication Services,1.26291,2,0.13,20.0
524,Sundrop Brands Ltd,INE209A01019,Consumer Defensive,1.2519,1,0.13,10.0
586,VRL Logistics Ltd,INE366I01010,Industrials,1.15888,2,0.12,20.0
461,Rolex Rings Ltd,INE645S01016,Industrials,1.2469000000000001,4,0.12,40.0
376,NLC India Ltd,INE589A01014,Utilities,1.22607,2,0.12,20.0
278,Innova Captab Ltd,INE0DUT01020,Healthcare,1.16615,3,0.12,30.0
331,L.G.Balakrishnan & Bros Ltd,INE337A01034,Consumer Cyclical,1.16829,2,0.12,20.0
357,Marathon Nextgen Realty Ltd,INE182D01020,Real Estate,1.21064,1,0.12,10.0
485,Schneider Electric Infrastructure Ltd,INE839M01018,Industrials,1.1539,1,0.12,10.0
565,Titagarh Rail Systems Ltd,INE615H01020,Industrials,1.20625,2,0.12,20.0
609,Welspun Living Ltd,INE192B01031,Consumer Cyclical,1.23433,2,0.12,20.0
253,Housing & Urban Development Corp Ltd,INE031A01017,Financial Services,1.20806,1,0.12,10.0
442,RHI Magnesita India Ltd,INE743M01012,Industrials,1.18469,3,0.12,30.0
312,KPIT Technologies Ltd,INE04I401011,Technology,1.24885,2,0.12,20.0
120,Cholamandalam Investment and Finance Co Ltd,INE121A01024,Financial Services,1.16198,1,0.12,10.0
87,Blackbuck Ltd,INE0UIZ01018,Technology,1.22564,2,0.12,20.0
88,Blue Dart Express Ltd,INE233B01017,Industrials,1.15738,2,0.12,20.0
22,Ahluwalia Contracts (India) Ltd,INE758C01029,Industrials,1.15915,1,0.12,10.0
3,ACME Solar Holdings Ltd,INE622W01025,Utilities,1.24681,2,0.12,20.0
5,AWL Agri Business Ltd,INE699H01024,Consumer Defensive,1.16953,2,0.12,20.0
15,Aditya Vision Ltd,INE679V01027,Consumer Cyclical,1.23299,1,0.12,10.0
126,Computer Age Management Services Ltd Ordinary Shares,INE596I01012,Technology,1.13324,2,0.11,20.0
593,Vedanta Ltd,INE205A01025,Basic Materials,1.1221800000000002,2,0.11,20.0
146,Digitide Solutions Ltd,INE0U4701011,Industrials,1.08544,3,0.11,30.0
222,Gufic Biosciences Ltd,INE742B01025,Healthcare,1.06541,1,0.11,10.0
425,Power Finance Corp Ltd,INE134E01011,Financial Services,1.11778,1,0.11,10.0
10,Aditya Birla Fashion and Retail Ltd,INE647O01011,Consumer Cyclical,1.08969,3,0.11,30.0
547,Tata Consumer Products Ltd,INE192A01025,Consumer Defensive,1.06088,2,0.11,20.0
269,Indigo Paints Ltd Ordinary Shares,INE09VQ01012,Basic Materials,1.06796,2,0.11,20.0
384,Neogen Chemicals Ltd,INE136S01016,Basic Materials,1.07367,2,0.11,20.0
305,Jyothy Labs Ltd,INE668F01031,Consumer Defensive,1.12893,4,0.11,40.0
361,Max Financial Services Ltd,INE180A01020,Financial Services,1.13093,1,0.11,10.0
608,Welspun Enterprises Ltd,INE625G01013,Industrials,1.09176,1,0.11,10.0
301,Juniper Hotels Ltd,INE696F01016,Consumer Cyclical,1.0737700000000001,2,0.11,20.0
107,CarTrade Tech Ltd,INE290S01011,Consumer Cyclical,1.10977,1,0.11,10.0
299,Jubilant Ingrevia Ltd Ordinary Shares,INE0BY001018,Basic Materials,1.05359,2,0.11,20.0
534,Syrma SGS Technology Ltd,INE0DYJ01015,Technology,1.06061,2,0.11,20.0
61,Avalon Technologies Ltd,INE0LCL01028,Technology,1.1413200000000001,2,0.11,20.0
29,Alivus Life Sciences Ltd,INE03Q201024,Healthcare,1.07783,2,0.11,20.0
17,Aegis Vopak Terminals Ltd,INE0INX01018,Energy,1.0056100000000001,2,0.1,20.0
435,Prudent Corporate Advisory Services Ltd,INE00F201020,Financial Services,0.96343,2,0.1,20.0
169,Equitas Small Finance Bank Ltd Ordinary Shares,INE063P01018,Financial Services,1.01912,2,0.1,20.0
393,Oberoi Realty Ltd,INE093I01010,Real Estate,0.99116,1,0.1,10.0
155,EIH Ltd,INE230A01023,Consumer Cyclical,0.95283,1,0.1,10.0
422,Polycab India Ltd,INE455K01017,Industrials,1.01729,1,0.1,10.0
439,R R Kabel Ltd,INE777K01022,Industrials,0.98135,2,0.1,20.0
542,TVS Holdings Ltd,INE105A01035,Consumer Cyclical,0.98452,1,0.1,10.0
118,Chemplast Sanmar Ltd,INE488A01050,Basic Materials,1.0477,2,0.1,20.0
115,Cera Sanitaryware Ltd,INE739E01017,Industrials,0.98473,1,0.1,10.0
536,TARC Ltd Ordinary Shares,INE0EK901012,Real Estate,1.03596,1,0.1,10.0
476,Sanathan Textiles Ltd,INE0JPD01013,Consumer Cyclical,1.01771,2,0.1,20.0
297,Jindal Saw Ltd,INE324A01032,Basic Materials,0.97472,3,0.1,30.0
75,Bata India Ltd,INE176A01028,Consumer Cyclical,1.01353,2,0.1,20.0
7,Aarti Industries Ltd,INE769A01020,Basic Materials,1.02935,4,0.1,40.0
573,UNO Minda Ltd,INE405E01023,Consumer Cyclical,0.8627400000000001,2,0.09,20.0
353,Mahindra Lifespace Developers Ltd,INE813A01018,Real Estate,0.9127000000000001,3,0.09,30.0
85,Birla Corp Ltd,INE340A01012,Basic Materials,0.94521,2,0.09,20.0
46,Aptus Value Housing Finance India Ltd,INE852O01025,Financial Services,0.94118,2,0.09,20.0
399,Orient Electric Ltd Ordinary Shares,INE142Z01019,Consumer Cyclical,0.94105,3,0.09,30.0
499,Smartworks Coworking Spaces Ltd,INE0NAZ01010,Real Estate,0.92923,1,0.09,10.0
82,Bharat Heavy Electricals Ltd,INE257A01026,Industrials,0.88247,1,0.09,10.0
459,Repco Home Finance Ltd,INE612J01015,Financial Services,0.87705,2,0.09,20.0
43,Apeejay Surrendra Park Hotels Ltd,INE988S01028,Consumer Cyclical,0.93238,3,0.09,30.0
114,Century Plyboards (India) Ltd,INE348B01021,Basic Materials,0.85617,2,0.09,20.0
284,Ion Exchange (India) Ltd,INE570A01022,Industrials,0.8989199999999999,2,0.09,20.0
599,Vinati Organics Ltd,INE410B01037,Basic Materials,0.89053,2,0.09,20.0
68,Bajaj Consumer Care Ltd,INE933K01021,Consumer Defensive,0.91784,2,0.09,20.0
429,Prestige Estates Projects Ltd,INE811K01011,Real Estate,0.88248,1,0.09,10.0
57,AstraZeneca Pharma India Ltd,INE203A01020,Healthcare,0.85893,1,0.09,10.0
355,Manappuram Finance Ltd,INE522D01027,Financial Services,0.85814,1,0.09,10.0
618,ZF Commercial Vehicle Control Systems India Ltd,INE342J01019,Consumer Cyclical,0.87478,1,0.09,10.0
258,IIFL Finance Ltd,INE530B01024,Financial Services,0.92265,1,0.09,10.0
53,Asian Paints Ltd,INE021A01026,Basic Materials,0.89486,1,0.09,10.0
575,UTI Asset Management Co Ltd,INE094J01016,Financial Services,0.8937900000000001,2,0.09,20.0
517,Sula Vineyards Ltd,INE142Q01026,Consumer Defensive,0.77654,2,0.08,20.0
540,TD Power Systems Ltd,INE419M01027,Industrials,0.79575,1,0.08,10.0
158,EPL Ltd Ordinary Shares,INE255A01020,Consumer Cyclical,0.7572000000000001,2,0.08,20.0
179,FIEM Industries Ltd,INE737H01014,Consumer Cyclical,0.83774,1,0.08,10.0
457,Redtape Ltd,INE0LXT01019,Consumer Cyclical,0.75345,1,0.08,10.0
481,Sapphire Foods India Ltd,INE806T01020,Consumer Cyclical,0.75485,2,0.08,20.0
112,Cello World Ltd,INE0LMW01024,Consumer Cyclical,0.79987,1,0.08,10.0
186,Finolex Industries Ltd,INE183A01024,Industrials,0.81289,1,0.08,10.0
343,Lumax Auto Technologies Ltd,INE872H01027,Consumer Cyclical,0.77502,2,0.08,20.0
248,Hindustan Unilever Ltd,INE030A01027,Consumer Defensive,0.75296,1,0.08,10.0
351,Maharashtra Seamless Ltd,INE271B01025,Basic Materials,0.76615,2,0.08,20.0
193,GMM Pfaudler Ltd,INE541A01023,Industrials,0.84309,2,0.08,20.0
577,Unichem Laboratories Ltd,INE351A01035,Healthcare,0.75772,1,0.08,10.0
210,Godawari Power & Ispat Ltd,INE177H01039,Basic Materials,0.78776,1,0.08,10.0
451,Rategain Travel Technologies Ltd,INE0CLI01024,Technology,0.83805,2,0.08,20.0
561,Thyrocare Technologies Ltd,INE594H01019,Healthcare,0.82369,2,0.08,20.0
521,Sundaram Fasteners Ltd,INE387A01021,Consumer Cyclical,0.79063,1,0.08,10.0
418,Piramal Pharma Ltd,INE0DK501011,Healthcare,0.84817,1,0.08,10.0
149,Dodla Dairy Ltd,INE021O01019,Consumer Defensive,0.7792,1,0.08,10.0
124,Coforge Ltd,INE591G01025,Technology,0.762,1,0.08,10.0
249,Hitachi Energy India Ltd Ordinary Shares,INE07Y701011,Industrials,0.77405,2,0.08,20.0
410,PTC Industries Ltd,INE596F01018,Industrials,0.76828,1,0.08,10.0
413,Pearl Global Industries Ltd,INE940H01022,Consumer Cyclical,0.83884,1,0.08,10.0
6,Aadhar Housing Finance Ltd,INE883F01010,Financial Services,0.77288,2,0.08,20.0
578,Union Bank of India,INE692A01016,Financial Services,0.6928799999999999,2,0.07,20.0
523,Sundaram Finance Ltd,INE660A01013,Financial Services,0.66485,1,0.07,10.0
232,HDFC Life Insurance Co Ltd,INE795G01014,Financial Services,0.68366,1,0.07,10.0
467,SJS Enterprises Ltd,INE284S01014,Consumer Cyclical,0.69759,1,0.07,10.0
289,JK Tyre & Industries Ltd,INE573A01042,Consumer Cyclical,0.67659,3,0.07,30.0
175,Eveready Industries India Ltd,INE128A01029,Industrials,0.65468,1,0.07,10.0
181,Fedbank Financial Services Ltd,INE007N01010,Financial Services,0.71082,1,0.07,10.0
177,Exide Industries Ltd,INE302A01020,Consumer Cyclical,0.7096,2,0.07,20.0
447,Ramco Cements Ltd,INE331A01037,Basic Materials,0.7281799999999999,2,0.07,20.0
377,NRB Bearings Ltd,INE349A01021,Consumer Cyclical,0.6799,1,0.07,10.0
243,Hikal Ltd,INE475B01022,Healthcare,0.73713,1,0.07,10.0
433,Procter & Gamble Health Ltd,INE199A01012,Healthcare,0.68068,1,0.07,10.0
326,Kolte-Patil Developers Ltd,INE094I01018,Real Estate,0.68893,1,0.07,10.0
41,Anupam Rasayan India Ltd,INE930P01018,Basic Materials,0.65296,1,0.07,10.0
549,Tata Steel Ltd,INE081A01020,Basic Materials,0.65733,1,0.07,10.0
49,Arvind Fashions Ltd,INE955V01021,Consumer Cyclical,0.6782900000000001,2,0.07,20.0
487,Senco Gold Ltd,INE602W01027,Consumer Cyclical,0.68026,2,0.07,20.0
346,MAS Financial Services Ltd Ordinary Shares,INE348L01012,Financial Services,0.66681,2,0.07,20.0
557,The Anup Engineering Ltd,INE294Z01018,Industrials,0.74537,1,0.07,10.0
450,Rashi Peripherals Ltd,INE0J1F01024,Technology,0.747,1,0.07,10.0
337,Laurus Labs Ltd,INE947Q01028,Healthcare,0.70964,1,0.07,10.0
191,G R Infraprojects Ltd,INE201P01022,Industrials,0.74518,2,0.07,20.0
262,ITC Ltd,INE154A01025,Consumer Defensive,0.63213,1,0.06,10.0
261,ISGEC Heavy Engineering Ltd,INE858B01029,Industrials,0.63235,1,0.06,10.0
13,Aditya Birla Sun Life AMC Ltd,INE404A01024,Financial Services,0.57613,2,0.06,20.0
374,NIIT Learning Systems Ltd,INE342G01023,Consumer Defensive,0.61821,2,0.06,20.0
246,Hindustan Aeronautics Ltd Ordinary Shares,INE066F01020,Industrials,0.57681,1,0.06,10.0
162,Ellenbarrie Industrial Gases Ltd,INE236E01022,Basic Materials,0.60082,2,0.06,20.0
128,Concord Enviro Systems Ltd,INE037Z01029,Utilities,0.6478200000000001,2,0.06,20.0
545,Tata Communications Ltd,INE151A01013,Communication Services,0.55301,1,0.06,10.0
448,Ramco Industries Ltd,INE614A01028,Industrials,0.61227,1,0.06,10.0
463,S H Kelkar & Co Ltd,INE500L01026,Basic Materials,0.64707,1,0.06,10.0
274,IndusInd Bank Ltd,INE095A01012,Financial Services,0.63234,1,0.06,10.0
122,Clean Science and Technology Ltd,INE227W01023,Basic Materials,0.60026,2,0.06,20.0
623,eMudhra Ltd,INE01QM01018,Technology,0.56449,1,0.06,10.0
242,Hi-Tech Pipes Ltd,INE106T01025,Basic Materials,0.56021,2,0.06,20.0
280,Insecticides (India) Ltd,INE070I01018,Basic Materials,0.59963,1,0.06,10.0
522,Sundaram Finance Holdings Ltd,INE202Z01029,Financial Services,0.60842,1,0.06,10.0
223,Gujarat Fluorochemicals Ltd Ordinary Shares,INE09N301011,Basic Materials,0.6046199999999999,2,0.06,20.0
200,Gateway Distriparks Ltd,INE079J01017,Industrials,0.59888,1,0.06,10.0
23,Ajanta Pharma Ltd,INE031B01049,Healthcare,0.64002,1,0.06,10.0
493,Shilpa Medicare Ltd,INE790G01031,Healthcare,0.64097,1,0.06,10.0
335,La Opala RG Ltd,INE059D01020,Consumer Cyclical,0.63067,1,0.06,10.0
527,Supreme Industries Ltd,INE195A01028,Industrials,0.5603,1,0.06,10.0
350,Mahanagar Gas Ltd,INE002S01010,Utilities,0.56667,1,0.06,10.0
34,Amara Raja Energy & Mobility Ltd,INE885A01032,Industrials,0.60086,1,0.06,10.0
100,CESC Ltd,INE486A01021,Utilities,0.5640700000000001,2,0.06,20.0
172,Eternal Ltd,INE758T01015,Consumer Cyclical,0.49922,1,0.05,10.0
254,ICRA Ltd,INE725G01011,Financial Services,0.54196,1,0.05,10.0
32,Allcargo Logistics Ltd,INE418H01029,Industrials,0.46801,1,0.05,10.0
28,Alicon Castalloy Ltd,INE062D01024,Industrials,0.51965,2,0.05,20.0
497,Signatureglobal (India) Ltd,INE903U01023,Real Estate,0.51855,1,0.05,10.0
319,Kewal Kiran Clothing Ltd,INE401H01017,Consumer Cyclical,0.49405,1,0.05,10.0
123,Coal India Ltd,INE522F01014,Energy,0.46585,1,0.05,10.0
19,Aether Industries Ltd,INE0BWX01014,Basic Materials,0.45801000000000003,2,0.05,20.0
283,Inventurus Knowledge Solutions Ltd,INE115Q01022,Healthcare,0.50314,1,0.05,10.0
67,Baazar Style Retail Ltd,INE01FR01028,Consumer Cyclical,0.45862,1,0.05,10.0
225,Gujarat State Fertilizers & Chemicals Ltd,INE026A01025,Basic Materials,0.52654,1,0.05,10.0
494,Shivalik Bimetal Controls Ltd,INE386D01027,Industrials,0.52629,1,0.05,10.0
555,Tejas Networks Ltd,INE010J01012,Technology,0.51888,1,0.05,10.0
606,Voltas Ltd,INE226A01021,Consumer Cyclical,0.52928,1,0.05,10.0
285,Ipca Laboratories Ltd,INE571A01038,Healthcare,0.5383,1,0.05,10.0
230,HDB Financial Services Ltd,INE756I01012,Financial Services,0.51216,1,0.05,10.0
303,Jupiter Wagons Ltd,INE209L01016,Industrials,0.50173,1,0.05,10.0
365,Metropolis Healthcare Ltd,INE112L01020,Healthcare,0.5106999999999999,2,0.05,20.0
551,Tech Mahindra Ltd,INE669C01036,Technology,0.50308,1,0.05,10.0
512,Stove Kraft Ltd Ordinary Shares,INE00IN01015,Consumer Cyclical,0.48598,1,0.05,10.0
271,Indoco Remedies Ltd,INE873D01024,Healthcare,0.496,2,0.05,20.0
360,Max Estates Ltd,INE03EI01018,Real Estate,0.54537,2,0.05,20.0
202,Genus Power Infrastructures Ltd,INE955D01029,Industrials,0.46994,1,0.05,10.0
167,Entero Healthcare Solutions Ltd,INE010601016,Healthcare,0.48121,1,0.05,10.0
589,Vardhman Special Steels Ltd,INE050M01012,Basic Materials,0.52788,1,0.05,10.0
30,Alkyl Amines Chemicals Ltd,INE150B01039,Basic Materials,0.46649,1,0.05,10.0
59,Aurobindo Pharma Ltd,INE406A01037,Healthcare,0.45913,1,0.05,10.0
244,Himadri Speciality Chemical Ltd,INE019C01026,Basic Materials,0.46268,1,0.05,10.0
168,Epigral Ltd,INE071N01016,Basic Materials,0.4621,1,0.05,10.0
344,Lumax Industries Ltd,INE162B01018,Consumer Cyclical,0.48285,1,0.05,10.0
277,Ingersoll-Rand (India) Ltd,INE177A01018,Industrials,0.47147,1,0.05,10.0
47,Archean Chemical Industries Ltd,INE128X01021,Basic Materials,0.45548999999999995,2,0.05,20.0
110,Castrol India Ltd,INE172A01027,Energy,0.46729999999999994,2,0.05,20.0
368,Motherson Sumi Wiring India Ltd,INE0FS801015,Consumer Cyclical,0.49451,1,0.05,10.0
27,Alembic Pharmaceuticals Ltd,INE901L01018,Healthcare,0.53332,1,0.05,10.0
579,Updater Services Ltd,INE851I01011,Industrials,0.49437,1,0.05,10.0
25,Akums Drugs and Pharmaceuticals Ltd,INE09XN01023,Healthcare,0.46229,1,0.05,10.0
378,NTPC Green Energy Ltd,INE0ONG01011,Utilities,0.46253,2,0.05,20.0
401,Oswal Pumps Ltd,INE0BYP01024,Industrials,0.50763,2,0.05,20.0
502,Somany Ceramics Ltd,INE355A01028,Industrials,0.40735,1,0.04,10.0
505,Sri Lotus Developers And Realty Ltd,INE0V9Q01010,Industrials,0.44065,1,0.04,10.0
270,Indo Count Industries Ltd,INE483B01026,Consumer Cyclical,0.449,1,0.04,10.0
466,SIS Ltd Ordinary Shares,INE285J01028,Industrials,0.36262,2,0.04,20.0
97,CARE Ratings Ltd,INE752H01013,Financial Services,0.35614,1,0.04,10.0
70,Bajel Projects Ltd,INE0KQN01018,Utilities,0.40619,2,0.04,20.0
267,Indian Hotels Co Ltd,INE053A01029,Consumer Cyclical,0.41821,1,0.04,10.0
543,TVS Srichakra Ltd,INE421C01016,Consumer Cyclical,0.37267,1,0.04,10.0
60,Automotive Axles Ltd,INE449A01011,Consumer Cyclical,0.42044000000000004,2,0.04,20.0
91,Bluspring Enterprises Ltd,INE0U4101014,Industrials,0.38319,2,0.04,20.0
504,Spicejet Ltd,INE285B01017,Industrials,0.38071,1,0.04,10.0
525,Sunteck Realty Ltd,INE805D01034,Real Estate,0.36318,1,0.04,10.0
460,Rishabh Instruments Ltd,INE0N2P01017,Technology,0.41144000000000003,3,0.04,30.0
256,IFGL Refractories Ltd,INE133Y01011,Basic Materials,0.43246,1,0.04,10.0
161,Electronics Mart India Ltd,INE02YR01019,Consumer Cyclical,0.42552,3,0.04,30.0
548,Tata Power Co Ltd,INE245A01021,Utilities,0.44486,1,0.04,10.0
347,MM Forgings Ltd,INE227C01017,Industrials,0.43612,1,0.04,10.0
391,Niva Bupa Health Insurance Co Ltd,INE995S01015,Financial Services,0.44148,1,0.04,10.0
380,Natco Pharma Ltd,INE987B01026,Healthcare,0.41459,1,0.04,10.0
272,Indraprastha Medical Corp Ltd,INE681B01017,Healthcare,0.36577,1,0.04,10.0
33,Allied Blenders and Distillers Ltd,INE552Z01027,Consumer Defensive,0.38494,1,0.04,10.0
358,Marksans Pharma Ltd,INE750C01026,Healthcare,0.37751,1,0.04,10.0
349,MTAR Technologies Ltd,INE864I01014,Industrials,0.35455000000000003,2,0.04,20.0
588,VST Tillers Tractors Ltd,INE764D01017,Industrials,0.44358,1,0.04,10.0
45,Apollo Pipes Ltd,INE126J01016,Industrials,0.39138,1,0.04,10.0
342,Linde India Ltd,INE473A01011,Basic Materials,0.39361,1,0.04,10.0
218,Greenlam Industries Ltd,INE544R01021,Consumer Cyclical,0.39707000000000003,2,0.04,20.0
239,HeidelbergCement India Ltd,INE578A01017,Basic Materials,0.40518,1,0.04,10.0
237,Havells India Ltd,INE176B01034,Industrials,0.37925,1,0.04,10.0
296,Jana Small Finance Bank Ltd,INE953L01027,Financial Services,0.38088,1,0.04,10.0
294,JTEKT India Ltd,INE643A01035,Consumer Cyclical,0.43959,1,0.04,10.0
392,Nuvama Wealth Management Ltd,INE531F01015,Financial Services,0.39605,1,0.04,10.0
178,FDC Ltd,INE258B01022,Healthcare,0.44220000000000004,2,0.04,20.0
562,Tilaknagar Industries Ltd,INE133E01013,Consumer Defensive,0.37237,1,0.04,10.0
51,Arvind SmartSpaces Ltd,INE034S01021,Real Estate,0.39236,1,0.04,10.0
245,Hindalco Industries Ltd,INE038A01020,Basic Materials,0.39373,1,0.04,10.0
154,EFC (I) Ltd,INE886D01026,Real Estate,0.37848,1,0.04,10.0
136,D B Corp Ltd,INE950I01011,Communication Services,0.3623,1,0.04,10.0
486,Seamec Ltd,INE497B01018,Industrials,0.27613,2,0.03,20.0
530,Suven Life Sciences Ltd,INE495B01038,Healthcare,0.34978,1,0.03,10.0
142,Deepak Nitrite Ltd,INE288B01029,Basic Materials,0.30065,1,0.03,10.0
427,Praj Industries Ltd,INE074A01025,Industrials,0.30495,1,0.03,10.0
592,Vedant Fashions Ltd,INE825V01034,Consumer Cyclical,0.33365,2,0.03,20.0
2,AAVAS Financiers Ltd,INE216P01012,Financial Services,0.26124,1,0.03,10.0
333,LMW Ltd,INE269B01029,Industrials,0.31549000000000005,2,0.03,20.0
330,L&T Technology Services Ltd,INE010V01017,Technology,0.3093,1,0.03,10.0
194,GNA Axles Ltd,INE934S01014,Consumer Cyclical,0.29491999999999996,2,0.03,20.0
321,Kilburn Engineering Ltd,INE338F01015,Industrials,0.30452,1,0.03,10.0
214,Goodyear India Ltd,INE533A01012,Consumer Cyclical,0.28457,1,0.03,10.0
52,Asahi India Glass Ltd,INE439A01020,Consumer Cyclical,0.33764,1,0.03,10.0
216,Grasim Industries Ltd,INE047A01021,Basic Materials,0.34424,1,0.03,10.0
603,Vishnu Chemicals Ltd,INE270I01022,Basic Materials,0.31836,1,0.03,10.0
311,KNR Constructions Ltd,INE634I01029,Industrials,0.28916,1,0.03,10.0
443,RITES Ltd Ordinary Shares,INE320J01015,Industrials,0.34624,1,0.03,10.0
553,Technocraft Industries (India) Ltd,INE545H01011,Industrials,0.34241,1,0.03,10.0
507,Star Health and Allied Insurance Co Ltd,INE575P01011,Financial Services,0.28657,1,0.03,10.0
236,Harsha Engineers International Ltd,INE0JUS01029,Industrials,0.25311,1,0.03,10.0
235,Happy Forgings Ltd,INE330T01021,Industrials,0.33030000000000004,2,0.03,20.0
546,Tata Consultancy Services Ltd,INE467B01029,Technology,0.28623,1,0.03,10.0
610,West Coast Paper Mills Ltd,INE976A01021,Basic Materials,0.25844,1,0.03,10.0
164,Embassy Developments Ltd,INE069I01010,Real Estate,0.25922,1,0.03,10.0
292,JSW Cement Ltd,INE718I01012,Basic Materials,0.33527,2,0.03,20.0
483,Schaeffler India Ltd,INE513A01022,Consumer Cyclical,0.28893,1,0.03,10.0
465,SBFC Finance Ltd,INE423Y01016,Financial Services,0.26394,1,0.03,10.0
36,Ambuja Cements Ltd,INE079A01024,Basic Materials,0.28238,1,0.03,10.0
541,TTK Prestige Ltd,INE690A01028,Consumer Cyclical,0.3476,1,0.03,10.0
381,National Aluminium Co Ltd,INE139A01034,Basic Materials,0.29279,1,0.03,10.0
354,Man Infraconstruction Ltd,INE949H01023,Industrials,0.33044,1,0.03,10.0
56,Astra Microwave Products Ltd,INE386C01029,Technology,0.34756,1,0.03,10.0
265,IndiaMART InterMESH Ltd,INE933S01016,Communication Services,0.25151,2,0.03,20.0
165,Emcure Pharmaceuticals Ltd,INE168P01015,Healthcare,0.25083,1,0.03,10.0
576,Ujjivan Small Finance Bank Ltd Ordinary Shares,INE551W01018,Financial Services,0.28333,1,0.03,10.0
247,Hindustan Foods Ltd,INE254N01026,Industrials,0.2649,1,0.03,10.0
101,CG Power & Industrial Solutions Ltd,INE067A01029,Industrials,0.27727,2,0.03,20.0
151,Dr. Lal PathLabs Ltd,INE600L01024,Healthcare,0.3295,1,0.03,10.0
533,Syngene International Ltd,INE398R01022,Healthcare,0.33537,1,0.03,10.0
479,Sanofi India Ltd,INE058A01010,Healthcare,0.28414,2,0.03,20.0
359,Mastek Ltd,INE759A01021,Technology,0.3231,1,0.03,10.0
171,Esab India Ltd,INE284A01012,Industrials,0.25923,1,0.03,10.0
570,Triveni Engineering & Industries Ltd,INE256C01024,Consumer Defensive,0.23958,1,0.02,10.0
550,TeamLease Services Ltd,INE985S01024,Industrials,0.18921,1,0.02,10.0
73,Bank of India,INE084A01016,Financial Services,0.17951,1,0.02,10.0
538,TCI Express Ltd,INE586V01016,Industrials,0.21449,1,0.02,10.0
604,Vishnu Prakash R Punglia Ltd,INE0AE001013,Industrials,0.22829,1,0.02,10.0
574,UPL Ltd,INE628A01036,Basic Materials,0.18442,1,0.02,10.0
601,Vintage Coffee & Beverages Ltd,INE498Q01014,Consumer Defensive,0.1679,1,0.02,10.0
619,Zee Entertainment Enterprises Ltd,INE256A01028,Communication Services,0.17085,1,0.02,10.0
600,Vindhya Telelinks Ltd,INE707A01012,Industrials,0.2228,1,0.02,10.0
535,T.V. Today Network Ltd,INE038F01029,Communication Services,0.19649,1,0.02,10.0
559,The Orissa Minerals Development Co Ltd,INE725E01024,Basic Materials,0.17695,1,0.02,10.0
556,Texmaco Rail & Engineering Ltd,INE621L01012,Industrials,0.24077,1,0.02,10.0
587,VST Industries Ltd,INE710A01016,Consumer Defensive,0.19951,1,0.02,10.0
252,Honeywell Automation India Ltd,INE671A01010,Industrials,0.15869,1,0.02,10.0
229,HCL Technologies Ltd,INE860A01027,Technology,0.22443,1,0.02,10.0
424,Pondy Oxides And Chemicals Ltd,INE063E01053,Basic Materials,0.20705,1,0.02,10.0
453,Raymond Lifestyle Ltd,INE02ID01020,Consumer Cyclical,0.16902,1,0.02,10.0
449,Rane Holdings Ltd,INE384A01010,Consumer Cyclical,0.15075,1,0.02,10.0
386,Network People Services Technologies Ltd,INE0FFK01017,Technology,0.16098,1,0.02,10.0
446,Rallis India Ltd,INE613A01020,Basic Materials,0.16486,1,0.02,10.0
129,Container Corporation of India Ltd,INE111A01025,Industrials,0.17336,1,0.02,10.0
338,Laxmi Dental Ltd,INE0WO601020,Healthcare,0.1974,2,0.02,20.0
341,Life Insurance Corporation of India,INE0J1Y01017,Financial Services,0.21809,1,0.02,10.0
431,Prime Securities Ltd,INE032B01021,Financial Services,0.15069,1,0.02,10.0
363,Medplus Health Services Ltd,INE804L01022,Healthcare,0.22821,1,0.02,10.0
469,SMS Pharmaceuticals Ltd,INE812G01025,Healthcare,0.15316,1,0.02,10.0
180,FSN E-Commerce Ventures Ltd,INE388Y01029,Consumer Cyclical,0.24833,1,0.02,10.0
159,Ecos (India) Mobility & Hospitality Ltd,INE06HJ01020,Industrials,0.22127,1,0.02,10.0
375,NIIT Ltd,INE161A01038,Consumer Defensive,0.18389,1,0.02,10.0
405,PDS Ltd,INE111Q01021,Industrials,0.17619,1,0.02,10.0
160,Edelweiss Financial Services Ltd,INE532F01054,Financial Services,0.19467,1,0.02,10.0
176,Exicom Tele-Systems Ltd,INE777F01014,Industrials,0.21497,1,0.02,10.0
400,Oriental Hotels Ltd,INE750A01020,Consumer Cyclical,0.16777,1,0.02,10.0
396,One97 Communications Ltd,INE982J01020,Technology,0.19893,1,0.02,10.0
332,LIC Housing Finance Ltd,INE115A01026,Financial Services,0.2294,1,0.02,10.0
336,Landmark Cars Ltd,INE559R01029,Consumer Cyclical,0.23920000000000002,2,0.02,20.0
92,Bombay Burmah Trading Corp Ltd,INE050A01025,Consumer Defensive,0.23695,1,0.02,10.0
259,INOX Green Energy Services Ltd,INE510W01014,Utilities,0.17139,1,0.02,10.0
77,Belrise Industries Ltd,INE894V01022,Consumer Cyclical,0.23101,1,0.02,10.0
511,Sterlite Technologies Ltd,INE089C01029,Technology,0.18583,1,0.02,10.0
227,Gulf Oil Lubricants India Ltd,INE635Q01029,Basic Materials,0.16289,1,0.02,10.0
509,Steel Strips Wheels Ltd,INE802C01033,Consumer Cyclical,0.16892,1,0.02,10.0
506,Stanley Lifestyles Ltd,INE01A001028,Consumer Cyclical,0.18869,2,0.02,20.0
388,Newgen Software Technologies Ltd,INE619B01017,Technology,0.15466,1,0.02,10.0
105,Capacit'e Infraprojects Ltd,INE264T01014,Industrials,0.19866,1,0.02,10.0
477,Sandhar Technologies Ltd Ordinary Shares,INE278H01035,Consumer Cyclical,0.17086,1,0.02,10.0
478,Sanofi Consumer Healthcare India Ltd,INE0UOS01011,Healthcare,0.18629,1,0.02,10.0
201,General Insurance Corp of India,INE481Y01014,Financial Services,0.14984,1,0.01,10.0
208,Go Fashion (India) Ltd,INE0BJS01011,Consumer Cyclical,0.1331,1,0.01,10.0
382,National Securities Depository Ltd,INE301O01023,Financial Services,0.10508,1,0.01,10.0
24,Ajax Engineering Ltd,INE274Y01021,Industrials,0.14266,1,0.01,10.0
199,Garware Hi-Tech Films Ltd,INE291A01017,Basic Materials,0.11859,1,0.01,10.0
18,Aeroflex Industries Ltd,INE024001021,Industrials,0.06392,1,0.01,10.0
226,Gujarat State Petronet Ltd,INE246F01010,Utilities,0.05515,1,0.01,10.0
598,Vikram Solar Ltd,INE078V01014,Technology,0.13944,1,0.01,10.0
367,Mishra Dhatu Nigam Ltd Ordinary Shares,INE099Z01011,Basic Materials,0.1443,1,0.01,10.0
182,Filatex India Ltd,INE816B01035,Consumer Cyclical,0.11749,1,0.01,10.0
1,3M India Ltd,INE470A01017,Industrials,0.08607,1,0.01,10.0
362,Mayur Uniquoters Ltd,INE040D01038,Consumer Cyclical,0.09887,1,0.01,10.0
31,All Time Plastics Ltd,INE0GV601021,Consumer Defensive,0.10376,1,0.01,10.0
184,Fineotex Chemical Ltd,INE045J01026,Basic Materials,0.12492,1,0.01,10.0
595,Venus Pipes & Tubes Ltd,INE0JA001018,Basic Materials,0.11056,1,0.01,10.0
356,Mangalore Chemicals & Fertilizers Ltd,INE558B01017,Basic Materials,0.12619,1,0.01,10.0
219,Greenpanel Industries Ltd Ordinary Shares,INE08ZM01014,Basic Materials,0.14464,1,0.01,10.0
352,Mahindra Holidays & Resorts India Ltd,INE998I01010,Consumer Cyclical,0.1216,1,0.01,10.0
348,MOIL Ltd,INE490G01020,Basic Materials,0.06304,1,0.01,10.0
345,M & B Engineering Ltd,INE08N601015,Industrials,0.0965,1,0.01,10.0
209,Godavari Biorefineries Ltd,INE497S01012,Basic Materials,0.05958,1,0.01,10.0
189,Flair Writing Industries Ltd,INE00Y201027,Industrials,0.07921,1,0.01,10.0
195,GPT Healthcare Ltd,INE486R01017,Healthcare,0.13539,1,0.01,10.0
74,Bansal Wire Industries Ltd,INE0B9K01025,Basic Materials,0.13077,1,0.01,10.0
134,Cyient DLM Ltd,INE055S01018,Technology,0.08196,1,0.01,10.0
515,Subros Ltd,INE287B01021,Consumer Cyclical,0.13038,1,0.01,10.0
510,Sterling Tools Ltd,INE334A01023,Industrials,0.12006,1,0.01,10.0
78,Best Agrolife Ltd,INE052T01013,Basic Materials,0.06247,1,0.01,10.0
257,IIFL Capital Services Ltd Ordinary Shares,INE489L01022,Financial Services,0.1083,1,0.01,10.0
492,Sheela Foam Ltd,INE916U01025,Consumer Cyclical,0.08126,1,0.01,10.0
260,IRM Energy Ltd,INE07U701015,Utilities,0.07155,1,0.01,10.0
529,Suryoday Small Finance Bank Ltd,INE428Q01011,Financial Services,0.05805,1,0.01,10.0
95,Brigade Hotel Ventures Ltd,INE03NU01014,Consumer Cyclical,0.12203,1,0.01,10.0
482,Satin Creditcare Network Ltd,INE836B01017,Financial Services,0.14343,1,0.01,10.0
474,Sai Silks (Kalamandir) Ltd,INE438K01021,Consumer Cyclical,0.12842,1,0.01,10.0
268,Indian Hume Pipe Co Ltd,INE323C01030,Industrials,0.09625,1,0.01,10.0
617,Yatra Online Ltd,INE0JR601024,Consumer Cyclical,0.10794,1,0.01,10.0
455,Raymond Realty Ltd,INE1SY401010,Real Estate,0.11589,1,0.01,10.0
454,Raymond Ltd,INE301A01014,Industrials,0.11455,1,0.01,10.0
544,Taj GVK Hotels & Resorts Ltd,INE586B01026,Consumer Cyclical,0.07988,1,0.01,10.0
293,JSW Energy Ltd,INE121E01018,Utilities,0.09322,1,0.01,10.0
240,Heritage Foods Ltd,INE978A01027,Consumer Defensive,0.14335,1,0.01,10.0
612,Wim Plast Ltd,INE015B01018,Consumer Cyclical,0.14967,1,0.01,10.0
434,Protean eGov Technologies Ltd,INE004A01022,Technology,0.12087,1,0.01,10.0
567,Transindia Real Estate Ltd,INE0O3901029,Real Estate,0.0864,1,0.01,10.0
54,Astec Lifesciences Ltd,INE563J01010,Basic Materials,0.07093,1,0.01,10.0
48,Artemis Medicare Services Ltd Ordinary Shares,INE025R01021,Healthcare,0.08519,1,0.01,10.0
423,Polyplex Corp Ltd,INE633B01018,Basic Materials,0.10265,1,0.01,10.0
144,Delta Corp Ltd,INE124G01033,Consumer Cyclical,0.07014,1,0.01,10.0
420,Pokarna Ltd,INE637C01025,Industrials,0.09413,1,0.01,10.0
147,Divgi TorqTransfer Systems Ltd,INE753U01022,Consumer Cyclical,0.11517,1,0.01,10.0
409,POWERGRID Infrastructure Investment Trust Units,INE0GGX23010,Utilities,0.08304,1,0.01,10.0
302,Jupiter Life Line Hospitals Ltd,INE682M01012,Healthcare,0.0,1,0.0,10.0
263,Indegene Ltd,INE065X01017,Healthcare,0.0,1,0.0,10.0
234,HP Adhesives Ltd,INE0GSL01024,Basic Materials,0.00453,1,0.0,10.0
276,Infosys Ltd,INE009A01021,Technology,0.0,1,0.0,10.0
613,Windlas Biotech Ltd,INE0H5O01029,Healthcare,0.03524,1,0.0,10.0
291,JNK India Ltd,INE0OAF01028,Industrials,0.0,1,0.0,10.0
295,Jagran Prakashan Ltd,INE199G01027,Communication Services,0.04644,1,0.0,10.0
395,Om Infra Ltd,INE239D01028,Industrials,0.00541,1,0.0,10.0
364,Metro Brands Ltd,INE317I01021,Consumer Cyclical,0.0,1,0.0,10.0
385,Netweb Technologies India Ltd,INE0NT901020,Technology,0.04284,2,0.0,20.0
157,EPACK Durable Ltd,INE0G5901015,Consumer Cyclical,0.0137,1,0.0,10.0
153,E2E Networks Ltd Ordinary Shares,INE255Z01019,Technology,0.03152,1,0.0,10.0
139,Dam Capital Advisors Ltd,INE284H01025,Financial Services,0.02604,1,0.0,10.0
432,Primo Chemicals Ltd Shs Dematerialised,INE607A01022,Basic Materials,0.04052,1,0.0,10.0
436,Punjab National Bank,INE160A01022,Financial Services,0.04849,1,0.0,10.0
132,Credo Brands Marketing Ltd,INE220Q01020,Consumer Cyclical,0.01953,1,0.0,10.0
539,TCPL Packaging Ltd,INE822C01015,Consumer Cyclical,0.04351,1,0.0,10.0
111,Ceigall India Ltd,INE0AG901020,Industrials,0.02084,1,0.0,10.0
96,Butterfly Gandhimathi Appliances Ltd,INE295F01017,Consumer Cyclical,0.02548,1,0.0,10.0
93,Brainbees Solutions Ltd,INE02RE01045,Consumer Cyclical,0.04906,1,0.0,10.0
81,Bharat Forge Ltd,INE465A01025,Consumer Cyclical,0.01693,1,0.0,10.0
80,Bharat Electronics Ltd,INE263A01024,Industrials,0.0,1,0.0,10.0
438,R K Swamy Ltd,INE0NQ801033,Communication Services,0.04627,1,0.0,10.0
