,trend_score,appearances,current_shares,share_change,funds,funds_entered,funds_exited
Power Mech Projects Ltd,0.0,2,2571145.0,0.0,"INF179KA1RZ8,INF194KB1AL4",,
Juniper Hotels Ltd,0.0,2,8507359.0,0.0,"INF194KB1AL4,INF966L01689",,
Heritage Foods Ltd,0.0,1,452302.0,0.0,INF194KB1AL4,,
EPACK Durable Ltd,0.0,1,52475.0,0.0,INF194KB1AL4,,
Steel Strips Wheels Ltd,0.0,1,1138043.0,0.0,INF194KB1AL4,,
Stove Kraft Ltd Ordinary Shares,0.0,1,1108248.0,0.0,INF194KB1AL4,,
Filatex India Ltd,0.0,1,3301688.0,0.0,INF194KB1AL4,,
Butterfly Gandhimathi Appliances Ltd,0.0,1,51013.0,0.0,INF194KB1AL4,,
Star Health and Allied Insurance Co Ltd,0.0,1,933877.0,0.0,INF194KB1AL4,,
Neuland Laboratories Ltd,0.0,3,240649.0,-27.86205702912033,"INF194KB1AL4,INF663L01W06,INF917K01QA1",INF663L01W06,
Motilal Oswal Financial Services Ltd,1.0,2,4497876.0,36.99376262051543,"INF194KB1AL4,INF917K01QA1",INF917K01QA1,
Gujarat State Petronet Ltd,0.0,1,277028.0,0.0,INF194KB1AL4,,
Prestige Estates Projects Ltd,0.0,1,822793.0,0.0,INF194KB1AL4,,
EFC (I) Ltd,0.0,1,1629863.0,0.0,INF194KB1AL4,,
PNB Housing Finance Ltd,0.0,4,10237401.0,0.0,"INF194KB1AL4,INF204K01K15,INF846K01K35,INF917K01QA1",,
IndusInd Bank Ltd,0.0,1,1245156.0,0.0,INF194KB1AL4,,
Senco Gold Ltd,0.0,1,2681961.0,0.0,INF194KB1AL4,,
Crompton Greaves Consumer Electricals Ltd,0.0,3,21857143.0,0.0,"INF194KB1AL4,INF204K01K15,INF846K01K35",,
Emami Ltd,0.0,3,14321454.0,0.0,"INF179KA1RZ8,INF194KB1AL4,INF204K01K15",,
INOX Green Energy Services Ltd,0.0,1,1700166.0,0.0,INF194KB1AL4,,
Greenply Industries Ltd,0.0,3,8614388.0,0.0,"INF194KB1AL4,INF277K011O1,INF663L01W06",,
Shilpa Medicare Ltd,0.0,1,1102941.0,0.0,INF194KB1AL4,,
Signatureglobal (India) Ltd,0.0,1,693323.0,0.0,INF194KB1AL4,,
Innova Captab Ltd,0.0,3,938109.0,0.0,"INF194KB1AL4,INF205K013T3,INF663L01W06",,
Digitide Solutions Ltd,0.0,3,7378205.0,0.0,"INF194KB1AL4,INF277K011O1,INF966L01689",,
Aegis Vopak Terminals Ltd,1.0,2,3803819.0,62.05921424589509,"INF194KB1AL4,INF247L01BY3",INF247L01BY3,
Jyoti CNC Automation Ltd,0.0,4,4122141.0,0.0,"INF194KB1AL4,INF205K013T3,INF846K01K35,INF917K01QA1",,
Computer Age Management Services Ltd Ordinary Shares,0.0,2,673971.0,0.0,"INF194KB1AL4,INF846K01K35",,
Ramco Cements Ltd,0.0,2,4285971.0,0.0,"INF194KB1AL4,INF204K01K15",,
GMM Pfaudler Ltd,0.0,2,2194460.0,0.0,"INF179KA1RZ8,INF194KB1AL4",,
Ecos (India) Mobility & Hospitality Ltd,0.0,1,1198482.0,0.0,INF194KB1AL4,,
NCC Ltd,-1.0,2,19300958.0,-100.0,"INF194KB1AL4,INF966L01689",,INF917K01QA1
Sunteck Realty Ltd,0.0,1,1391157.0,0.0,INF194KB1AL4,,
Shaily Engineering Plastics Ltd,-1.0,2,1504525.0,-14.44226877482324,"INF194KB1AL4,INF247L01BY3",,
Sai Life Sciences Ltd,1.0,6,17145117.0,87.2566795700422,"INF194KB1AL4,INF204K01K15,INF205K013T3,INF663L01W06,INF846K01K35,INF917K01QA1",INF917K01QA1,
Deepak Fertilisers & Petrochemicals Corp Ltd,1.0,3,2210708.0,11.629450412856256,"INF194KB1AL4,INF247L01BY3,INF846K01K35",INF247L01BY3,
Vintage Coffee & Beverages Ltd,0.0,1,1671993.0,0.0,INF194KB1AL4,,
Triveni Engineering & Industries Ltd,0.0,1,991376.0,0.0,INF194KB1AL4,,
Oswal Pumps Ltd,0.0,2,1656270.0,0.0,"INF194KB1AL4,INF966L01689",,
Quess Corp Ltd,1.0,2,6277393.0,6.5,"INF194KB1AL4,INF277K011O1",INF277K011O1,
Nitin Spinners Ltd,-1.0,3,7089217.0,-1.735649780630173,"INF194KB1AL4,INF917K01QA1,INF966L01689",,
Bluspring Enterprises Ltd,1.0,2,9248880.0,74.01192607084877,"INF194KB1AL4,INF277K011O1",INF277K011O1,
TVS Holdings Ltd,0.0,1,120757.0,0.0,INF194KB1AL4,,
Tata Communications Ltd,0.0,1,520000.0,0.0,INF194KB1AL4,,
Bharat Forge Ltd,0.0,1,22281.0,0.0,INF194KB1AL4,,
FDC Ltd,0.0,2,4721619.0,0.0,"INF194KB1AL4,INF204K01K15",,
Alicon Castalloy Ltd,0.0,2,1330410.0,0.0,"INF194KB1AL4,INF846K01K35",,
Multi Commodity Exchange of India Ltd,0.0,7,3565867.0,13.02117836678664,"INF194KB1AL4,INF204K01K15,INF205K013T3,INF247L01BY3,INF663L01W06,INF846K01K35,INF917K01QA1",INF247L01BY3,
Minda Corp Ltd,0.0,3,13121397.0,0.0,"INF194KB1AL4,INF846K01K35,INF966L01689",,
PCBL Chemical Ltd,1.0,2,9812416.0,20.360777777777777,"INF194KB1AL4,INF277K011O1",INF277K011O1,
RHI Magnesita India Ltd,0.0,3,7052274.0,0.0,"INF194KB1AL4,INF204K01K15,INF846K01K35",,
Amara Raja Energy & Mobility Ltd,0.0,1,883565.0,0.0,INF194KB1AL4,,
Kolte-Patil Developers Ltd,0.0,1,2144741.0,0.0,INF194KB1AL4,,
Repco Home Finance Ltd,0.0,2,3996788.0,0.0,"INF179KA1RZ8,INF194KB1AL4",,
JK Tyre & Industries Ltd,0.0,3,4578569.0,0.0,"INF194KB1AL4,INF204K01K15,INF917K01QA1",,
MOIL Ltd,0.0,1,277970.0,0.0,INF194KB1AL4,,
Updater Services Ltd,0.0,1,2960080.0,0.0,INF194KB1AL4,,
Aditya Birla Sun Life AMC Ltd,0.0,2,3098053.0,0.0,"INF194KB1AL4,INF204K01K15",,
Manappuram Finance Ltd,0.0,1,4779496.0,0.0,INF194KB1AL4,,
Flair Writing Industries Ltd,0.0,1,372544.0,0.0,INF194KB1AL4,,
Jindal Saw Ltd,1.0,3,13917528.0,14.2745325541137,"INF194KB1AL4,INF204K01K15,INF917K01QA1",INF917K01QA1,
Sobha Ltd,1.0,2,5163570.0,22.756629256428983,"INF194KB1AL4,INF917K01QA1",INF917K01QA1,
CESC Ltd,0.0,2,14071922.0,0.0,"INF194KB1AL4,INF204K01K15",,
Aditya Infotech,0.0,0,0.0,0.0,,,
NLC India Ltd,0.0,2,29012362.0,0.0,"INF194KB1AL4,INF204K01K15",,
Bombay Burmah Trading Corp Ltd,0.0,1,196754.0,0.0,INF194KB1AL4,,
Orchid Pharma Ltd,0.0,3,4176082.0,0.0,"INF194KB1AL4,INF205K013T3,INF966L01689",,
Rashi Peripherals Ltd,0.0,1,3847091.0,0.0,INF194KB1AL4,,
NTPC Green Energy Ltd,0.0,2,22935479.0,0.0,"INF194KB1AL4,INF204K01K15",,
Artemis Medicare Services Ltd Ordinary Shares,0.0,1,566503.0,0.0,INF194KB1AL4,,
Ellenbarrie Industrial Gases Ltd,0.0,2,2700381.0,0.0,"INF194KB1AL4,INF846K01K35",,
All Time Plastics Ltd,0.0,1,508734.0,0.0,INF194KB1AL4,,
Godavari Biorefineries Ltd,0.0,1,351261.0,0.0,INF194KB1AL4,,
M&B Engnrg Lt,0.0,0,0.0,0.0,,,
Wockhardt Ltd,0.0,4,4566238.0,0.0,"INF194KB1AL4,INF205K013T3,INF277K011O1,INF917K01QA1",,
Karnataka Bank Ltd,0.0,2,24320044.0,0.0,"INF194KB1AL4,INF966L01689",,
OneSource Specialty Pharma Ltd,-1.0,3,1686520.0,-63.10250579628283,"INF194KB1AL4,INF846K01K35,INF966L01689",,
Blackbuck Ltd,0.0,2,523210.0,0.0,"INF194KB1AL4,INF663L01W06",,
TBO Tek Ltd,0.0,3,4542162.0,0.0,"INF194KB1AL4,INF204K01K15,INF846K01K35",,
Exide Industries Ltd,-1.0,1,572070.0,-100.0,INF194KB1AL4,,INF917K01QA1
REC Ltd,0.0,1,8571745.0,0.0,INF194KB1AL4,,
Godawari Power & Ispat Ltd,0.0,1,4936390.0,0.0,INF194KB1AL4,,
Vedanta Ltd,0.0,2,10757146.0,0.0,"INF194KB1AL4,INF204K01K15",,
Piramal Pharma Ltd,0.0,1,6732899.0,0.0,INF194KB1AL4,,
Brigade Hotel Ventures Ltd,0.0,1,2040152.0,0.0,INF194KB1AL4,,
Grasim Industries Ltd,0.0,1,180598.0,0.0,INF194KB1AL4,,
Aurobindo Pharma Ltd,0.0,1,650429.0,0.0,INF194KB1AL4,,
M & B Engineering Ltd,0.0,1,324672.0,0.0,INF194KB1AL4,,
Dam Capital Advisors Ltd,0.0,1,172927.0,0.0,INF194KB1AL4,,
Cyient Ltd,0.0,2,3810730.0,0.0,"INF194KB1AL4,INF204K01K15",,
S H Kelkar & Co Ltd,0.0,1,3784902.0,0.0,INF194KB1AL4,,
LT Foods Ltd,0.0,1,7116049.0,0.0,INF194KB1AL4,,
Yatharth Hospital and Trauma Care Services Ltd,0.0,1,2899501.0,0.0,INF194KB1AL4,,
Zee Entertainment Enterprises Ltd,0.0,1,2143930.0,0.0,INF194KB1AL4,,
Emcure Pharmaceuticals Ltd,0.0,1,262129.0,0.0,INF194KB1AL4,,
Fedbank Financial Services Ltd,0.0,1,7629916.0,0.0,INF194KB1AL4,,
Strides Pharma Science Ltd,0.0,3,5068120.0,0.0,"INF194KB1AL4,INF846K01K35,INF966L01689",,
GPT Healthcare Ltd,0.0,1,1330938.0,0.0,INF194KB1AL4,,
Aditya Infotech Ltd,1.0,4,2020347.0,37.2010827324666,"INF194KB1AL4,INF204K01K15,INF205K013T3,INF846K01K35",INF205K013T3,
Sagility Ltd,2.0,4,49736363.0,134.53373298820947,"INF194KB1AL4,INF247L01BY3,INF663L01W06,INF846K01K35","INF247L01BY3,INF846K01K35",
The South Indian Bank Ltd,0.0,1,107453809.0,0.0,INF194KB1AL4,,
Radico Khaitan Ltd,-1.0,5,3981719.0,-100.0,"INF194KB1AL4,INF204K01K15,INF663L01W06,INF846K01K35,INF917K01QA1",,INF277K011O1
Eureka Forbes Ltd,-1.0,3,2185716.0,-15.800305238349283,"INF194KB1AL4,INF277K011O1,INF663L01W06",,
Info Edge (India) Ltd,0.0,1,1750000.0,0.0,INF194KB1AL4,,
Rishabh Instruments Ltd,0.0,3,3421720.0,0.0,"INF194KB1AL4,INF204K01K15,INF966L01689",,
Akums Drugs and Pharmaceuticals Ltd,0.0,1,1481958.0,0.0,INF194KB1AL4,,
Hi-Tech Pipes Ltd,0.0,2,9459894.0,0.0,"INF194KB1AL4,INF917K01QA1",,
Power Finance Corp Ltd,0.0,1,4286755.0,0.0,INF194KB1AL4,,
Arvind SmartSpaces Ltd,0.0,1,969286.0,0.0,INF194KB1AL4,,
KEC International Ltd,1.0,5,10270192.0,20.624875844406724,"INF179KA1RZ8,INF194KB1AL4,INF204K01K15,INF247L01BY3,INF917K01QA1",INF247L01BY3,
Archean Chemical Industries Ltd,0.0,2,2075406.0,0.0,"INF194KB1AL4,INF204K01K15",,
TARC Ltd Ordinary Shares,0.0,1,9823774.0,0.0,INF194KB1AL4,,
Krishna Institute of Medical Sciences Ltd,0.0,6,32709659.0,0.0,"INF179KA1RZ8,INF194KB1AL4,INF204K01K15,INF205K013T3,INF663L01W06,INF846K01K35",,
Jupiter Wagons Ltd,0.0,1,2300773.0,0.0,INF194KB1AL4,,
Cholamandalam Financial Holdings Ltd,1.0,6,6865104.0,3.161787891528274,"INF194KB1AL4,INF205K013T3,INF247L01BY3,INF663L01W06,INF846K01K35,INF917K01QA1",INF247L01BY3,
Edelweiss Financial Services Ltd,0.0,1,2645318.0,0.0,INF194KB1AL4,,
Pondy Oxides And Chemicals Ltd,0.0,1,287142.0,0.0,INF194KB1AL4,,
Nuvama Wealth Management Ltd,0.0,1,90337.0,0.0,INF194KB1AL4,,
Mastek Ltd,0.0,1,193834.0,0.0,INF194KB1AL4,,
Kewal Kiran Clothing Ltd,0.0,1,1431274.0,0.0,INF194KB1AL4,,
JK Lakshmi Cement Ltd,0.0,5,8836773.0,0.0,"INF194KB1AL4,INF204K01K15,INF205K013T3,INF663L01W06,INF846K01K35",,
Marksans Pharma Ltd,0.0,1,3260509.0,0.0,INF194KB1AL4,,
Inox Wind Ltd,-1.0,2,39357339.0,-100.0,"INF194KB1AL4,INF204K01K15",,INF247L01BY3
SIS Ltd Ordinary Shares,0.0,2,3113660.0,0.0,"INF194KB1AL4,INF204K01K15",,
Safari Industries (India) Ltd,0.0,4,789218.0,0.0,"INF194KB1AL4,INF205K013T3,INF663L01W06,INF917K01QA1",,
GNA Axles Ltd,0.0,2,3395675.0,0.0,"INF179KA1RZ8,INF194KB1AL4",,
Ethos Ltd,0.0,3,754501.0,0.0,"INF194KB1AL4,INF205K013T3,INF966L01689",,
JSW Cement Ltd,0.0,2,11119506.0,0.0,"INF194KB1AL4,INF204K01K15",,
IndiaMART InterMESH Ltd,0.0,2,341798.0,0.0,"INF194KB1AL4,INF204K01K15",,
State Bank of India,0.0,2,11280624.0,0.0,"INF194KB1AL4,INF204K01K15",,
UPL Ltd,0.0,1,375198.0,0.0,INF194KB1AL4,,
National Aluminium Co Ltd,0.0,1,2290000.0,0.0,INF194KB1AL4,,
Eris Lifesciences Ltd Registered Shs,1.0,3,6647707.0,0.0,"INF179KA1RZ8,INF194KB1AL4,INF917K01QA1",INF917K01QA1,
Jubilant Pharmova Ltd,0.0,2,4482841.0,0.0,"INF194KB1AL4,INF966L01689",,
Kirloskar Ferrous Industries Ltd,1.0,4,14759318.0,0.5795002540982636,"INF179KA1RZ8,INF194KB1AL4,INF204K01K15,INF277K011O1",INF277K011O1,
Suryoday Small Finance Bank Ltd,0.0,1,694610.0,0.0,INF194KB1AL4,,
GE Vernova T&D India Ltd,-1.0,4,2070230.0,-13.493025303971557,"INF194KB1AL4,INF247L01BY3,INF846K01K35,INF917K01QA1",,
Rane Holdings Ltd,0.0,1,146008.0,0.0,INF194KB1AL4,,
Kirloskar Pneumatic Co Ltd,0.0,5,9608399.0,0.0,"INF194KB1AL4,INF204K01K15,INF277K011O1,INF663L01W06,INF917K01QA1",,
Mangalore Chemicals & Fertilizers Ltd,0.0,1,531768.0,0.0,INF194KB1AL4,,
Jubilant Ingrevia Ltd Ordinary Shares,0.0,2,3224882.0,0.0,"INF194KB1AL4,INF846K01K35",,
E2E Networks Ltd Ordinary Shares,0.0,1,20000.0,0.0,INF194KB1AL4,,
Vedant Fashions Ltd,0.0,2,1918373.0,0.0,"INF194KB1AL4,INF204K01K15",,
Greenpanel Industries Ltd Ordinary Shares,0.0,1,778754.0,0.0,INF194KB1AL4,,
Tilaknagar Industries Ltd,0.0,1,1144454.0,0.0,INF194KB1AL4,,
Garware Hi-Tech Films Ltd,0.0,1,64022.0,0.0,INF194KB1AL4,,
Aditya Birla Fashion and Retail Ltd,0.0,3,35453379.0,0.0,"INF194KB1AL4,INF204K01K15,INF966L01689",,
Spicejet Ltd,0.0,1,15028063.0,0.0,INF194KB1AL4,,
Apar Industries Ltd,1.0,7,2394625.0,15.957924836601306,"INF179KA1RZ8,INF194KB1AL4,INF204K01K15,INF205K013T3,INF247L01BY3,INF846K01K35,INF917K01QA1",INF917K01QA1,
VRL Logistics Ltd,0.0,2,14927284.0,0.0,"INF179KA1RZ8,INF194KB1AL4",,
Arvind Ltd,0.0,2,20552181.0,0.0,"INF194KB1AL4,INF966L01689",,
JSW Energy Ltd,0.0,1,277905.0,0.0,INF194KB1AL4,,
Blue Star Ltd,-1.0,5,5598140.0,-42.76464372400069,"INF194KB1AL4,INF204K01K15,INF663L01W06,INF846K01K35,INF917K01QA1",,
UPL Ltd Ordinary Shares (Partly Paid Rs.1),0.0,1,100512.0,0.0,INF194KB1AL4,,
Krsnaa Diagnostics Ltd,0.0,2,3072468.0,0.0,"INF194KB1AL4,INF277K011O1",,
Jyothy Labs Ltd,0.0,3,13955050.0,0.0,"INF194KB1AL4,INF204K01K15,INF846K01K35",,
Ujjivan Small Finance Bank Ltd Ordinary Shares,0.0,1,9666765.0,0.0,INF194KB1AL4,,
Electronics Mart India Ltd,0.0,2,5821589.0,0.0,"INF194KB1AL4,INF846K01K35",,
Aster DM Healthcare Ltd Ordinary Shares,3.0,6,49030708.0,181.7522022213711,"INF179KA1RZ8,INF194KB1AL4,INF204K01K15,INF663L01W06,INF917K01QA1,INF966L01689","INF663L01W06,INF917K01QA1,INF966L01689",
AWL Agri Business Ltd,0.0,2,24204121.0,0.0,"INF194KB1AL4,INF204K01K15",,
Medplus Health Services Ltd,0.0,1,394694.0,0.0,INF194KB1AL4,,
Glenmark Pharmaceuticals Ltd,1.0,2,1467276.0,41.94892225497421,"INF194KB1AL4,INF247L01BY3",INF247L01BY3,
Syrma SGS Technology Ltd,1.0,3,3898345.0,0.0,"INF194KB1AL4,INF247L01BY3,INF846K01K35",INF247L01BY3,
Birlasoft Ltd,0.0,4,8425536.0,0.0,"INF194KB1AL4,INF204K01K15,INF205K013T3,INF846K01K35",,
Metropolis Healthcare Ltd,0.0,2,1227849.0,0.0,"INF194KB1AL4,INF204K01K15",,
Sansera Engineering Ltd,1.0,4,2443637.0,0.008600061718089977,"INF194KB1AL4,INF204K01K15,INF663L01W06,INF846K01K35",INF846K01K35,
Gulf Oil Lubricants India Ltd,0.0,1,189816.0,0.0,INF194KB1AL4,,
Sapphire Foods India Ltd,0.0,2,10557944.0,0.0,"INF194KB1AL4,INF204K01K15",,
Clean Science and Technology Ltd,0.0,2,2829656.0,0.0,"INF194KB1AL4,INF204K01K15",,
DCB Bank Ltd,0.0,2,21308000.0,0.0,"INF194KB1AL4,INF277K011O1",,
Bank of India,0.0,1,2370078.0,0.0,INF194KB1AL4,,
Aditya Birla Real Estate Ltd,0.0,6,5086304.0,-19.974755166479273,"INF194KB1AL4,INF204K01K15,INF205K013T3,INF247L01BY3,INF846K01K35,INF917K01QA1",INF247L01BY3,
One97 Communications Ltd,0.0,1,240000.0,0.0,INF194KB1AL4,,
Axis Bank Ltd,0.0,2,7477976.0,0.0,"INF194KB1AL4,INF204K01K15",,
Kilburn Engineering Ltd,0.0,1,799058.0,0.0,INF194KB1AL4,,
Punjab National Bank,0.0,1,700000.0,0.0,INF194KB1AL4,,
Landmark Cars Ltd,0.0,2,1748523.0,0.0,"INF194KB1AL4,INF204K01K15",,
Orient Electric Ltd Ordinary Shares,0.0,3,17765481.0,0.0,"INF194KB1AL4,INF204K01K15,INF846K01K35",,
Aarti Industries Ltd,0.0,4,9850511.0,0.0,"INF194KB1AL4,INF204K01K15,INF846K01K35,INF966L01689",,
Affle 3i Ltd,0.0,4,4075880.0,0.0,"INF194KB1AL4,INF204K01K15,INF663L01W06,INF846K01K35",,
Windlas Biotech Ltd,0.0,1,51399.0,0.0,INF194KB1AL4,,
Yatra Online Ltd,0.0,1,1039154.0,0.0,INF194KB1AL4,,
Arvind Fashions Ltd,0.0,2,3155300.0,0.0,"INF194KB1AL4,INF846K01K35",,
Vikram Solar Ltd,0.0,1,603315.0,0.0,INF194KB1AL4,,
Keystone Realtors Ltd,0.0,3,9425991.0,0.0,"INF194KB1AL4,INF277K011O1,INF966L01689",,
Sanathan Textiles Ltd,0.0,2,3906762.0,0.0,"INF194KB1AL4,INF204K01K15",,
eClerx Services Ltd,2.0,5,6805884.0,23.053857495485644,"INF179KA1RZ8,INF194KB1AL4,INF204K01K15,INF247L01BY3,INF917K01QA1","INF247L01BY3,INF917K01QA1",
Mahindra Lifespace Developers Ltd,0.0,2,5187920.0,0.0,"INF194KB1AL4,INF846K01K35",,
Vishnu Chemicals Ltd,0.0,1,941765.0,0.0,INF194KB1AL4,,
Apeejay Surrendra Park Hotels Ltd,0.0,3,17293272.0,0.0,"INF194KB1AL4,INF204K01K15,INF966L01689",,
Angel One Ltd Ordinary Shares,0.0,2,730367.0,0.0,"INF194KB1AL4,INF205K013T3",,
General Insurance Corp of India,0.0,1,600000.0,0.0,INF194KB1AL4,,
CG Power & Industrial Solutions Ltd,0.0,2,951417.0,0.0,"INF194KB1AL4,INF846K01K35",,
DOMS Industries Ltd,1.0,3,1687086.0,3.9985421616658607,"INF204K01K15,INF663L01W06,INF846K01K35",INF846K01K35,
Lumax Auto Technologies Ltd,0.0,2,2883602.0,0.0,"INF194KB1AL4,INF204K01K15",,
Epigral Ltd,0.0,1,371477.0,0.0,INF194KB1AL4,,
Baazar Style Retail Ltd,0.0,1,2058020.0,0.0,INF194KB1AL4,,
IRM Energy Ltd,0.0,1,393969.0,0.0,INF194KB1AL4,,
Concord Enviro Systems Ltd,-1.0,1,403805.0,-100.0,INF194KB1AL4,,INF663L01W06
PG Electroplast Ltd,2.0,5,8520640.0,32.74692422674485,"INF194KB1AL4,INF204K01K15,INF247L01BY3,INF846K01K35,INF917K01QA1","INF247L01BY3,INF917K01QA1",
Godrej Industries Ltd,0.0,2,3235808.0,0.0,"INF194KB1AL4,INF277K011O1",,
Aptus Value Housing Finance India Ltd,1.0,3,10376984.0,0.0,"INF194KB1AL4,INF846K01K35,INF966L01689",INF966L01689,
KFin Technologies Ltd,-1.0,4,9191066.0,-6.100498161117093,"INF194KB1AL4,INF204K01K15,INF846K01K35,INF917K01QA1",,
Stl Networks Limit,0.0,1,2359469.0,0.0,INF194KB1AL4,,
Mayur Uniquoters Ltd,0.0,1,275048.0,0.0,INF194KB1AL4,,
Samvardhana Motherson International Ltd,0.0,3,52645634.0,0.0,"INF194KB1AL4,INF204K01K15,INF966L01689",,
Sterlite Technologies Ltd,0.0,1,2359469.0,0.0,INF194KB1AL4,,
Kirloskar Oil Engines Ltd,0.0,4,7617801.0,0.0,"INF194KB1AL4,INF204K01K15,INF205K013T3,INF846K01K35",,
Amanta Healthcare,0.0,1,793730.0,0.0,INF194KB1AL4,,
P N Gadgil Jewellers Ltd,0.0,3,3291473.0,0.0,"INF194KB1AL4,INF204K01K15,INF247L01BY3",,
Bank of Baroda,0.0,2,49995691.0,0.0,"INF179KA1RZ8,INF194KB1AL4",,
Bansal Wire Industries Ltd,0.0,1,534003.0,0.0,INF194KB1AL4,,
Chemplast Sanmar Ltd,0.0,2,6066963.0,0.0,"INF194KB1AL4,INF846K01K35",,
Can Fin Homes Ltd,0.0,3,6950446.0,0.0,"INF194KB1AL4,INF204K01K15,INF846K01K35",,
Great Eastern Shipping Co Ltd,0.0,2,6706606.0,0.0,"INF179KA1RZ8,INF194KB1AL4",,
Satin Creditcare Network Ltd,0.0,1,1543801.0,0.0,INF194KB1AL4,,
J.B. Chemicals & Pharmaceuticals Ltd,0.0,5,4871934.0,0.0,"INF194KB1AL4,INF204K01K15,INF205K013T3,INF663L01W06,INF846K01K35",,
SMS Pharmaceuticals Ltd,0.0,1,1859681.0,0.0,INF966L01689,,
RBL Bank Ltd,0.0,2,46847020.0,0.0,"INF204K01K15,INF966L01689",,
Reliance Industries Ltd,0.0,2,23315220.0,0.0,"INF204K01K15,INF966L01689",,
Sun TV Network Ltd,0.0,1,10312446.0,0.0,INF966L01689,,
Bata India Ltd,1.0,2,3209308.0,10.098379328908722,"INF204K01K15,INF966L01689",INF966L01689,
Adani Enterprises Ltd,0.0,1,2468292.0,0.0,INF966L01689,,
Piramal Finance Ltd,1.0,1,4335570.0,0.0,INF966L01689,INF966L01689,
EPL Ltd Ordinary Shares,0.0,2,9485803.0,0.0,"INF846K01K35,INF966L01689",,
Afcons Infrastructure Ltd,0.0,3,13185570.0,0.0,"INF204K01K15,INF205K013T3,INF966L01689",,
Stanley Lifestyles Ltd,0.0,2,3199446.0,0.0,"INF204K01K15,INF966L01689",,
Vardhman Textiles Ltd,0.0,3,18723771.0,0.0,"INF179KA1RZ8,INF204K01K15,INF966L01689",,
Oil & Natural Gas Corp Ltd,0.0,1,18387225.0,0.0,INF966L01689,,
Himadri Speciality Chemical Ltd,-1.0,1,674478.0,-77.39684986595175,INF966L01689,,
Vishnu Prakash R Punglia Ltd,0.0,1,5087689.0,0.0,INF966L01689,,
Castrol India Ltd,0.0,2,11469512.0,0.0,"INF204K01K15,INF966L01689",,
Om Infra Ltd,0.0,1,140571.0,0.0,INF966L01689,,
Gland Pharma Ltd,0.0,3,3614685.0,0.0,"INF204K01K15,INF846K01K35,INF966L01689",,
K.P.R. Mill Ltd,-1.0,3,7337283.0,-13.42417360585415,"INF204K01K15,INF917K01QA1,INF966L01689",,
Vinati Organics Ltd,1.0,2,984703.0,5.829989799387963,"INF917K01QA1,INF966L01689",INF917K01QA1,
Ventive Hospitality Ltd,0.0,1,8315686.0,0.0,INF966L01689,,
Usha Martin Ltd,2.0,2,21682446.0,14.740867610710588,"INF277K011O1,INF966L01689","INF277K011O1,INF966L01689",
Maharashtra Seamless Ltd,0.0,2,2406339.0,0.0,"INF917K01QA1,INF966L01689",,
Piramal Enterprises Ltd,-1.0,1,705693.0,-100.0,INF204K01K15,,INF966L01689
Poly Medicure Ltd,0.0,1,3298837.0,0.0,INF966L01689,,
Welspun Living Ltd,-1.0,2,20858757.0,-6.707857673624269,"INF917K01QA1,INF966L01689",,
Exicom Tele-Systems Ltd,0.0,1,4343422.0,0.0,INF966L01689,,
BASF India Ltd,0.0,2,933636.0,0.0,"INF277K011O1,INF966L01689",,
Zydus Wellness Ltd,1.0,2,12403451.0,400.0,"INF204K01K15,INF966L01689",INF966L01689,
Oriental Hotels Ltd,0.0,1,3516804.0,0.0,INF966L01689,,
Sula Vineyards Ltd,0.0,2,10199348.0,0.0,"INF179KA1RZ8,INF966L01689",,
Intellect Design Arena Ltd,1.0,1,503950.0,0.0,INF966L01689,INF966L01689,
Thyrocare Technologies Ltd,0.0,2,2915381.0,0.0,"INF204K01K15,INF966L01689",,
Man Infraconstruction Ltd,0.0,1,6030000.0,0.0,INF966L01689,,
State Bank Of India 28/10/2025,1.0,1,2504250.0,0.0,INF966L01689,INF966L01689,
The Orissa Minerals Development Co Ltd,0.0,1,107059.0,0.0,INF966L01689,,
Jio Financial Services Ltd,0.0,1,60489693.0,0.0,INF966L01689,,
Marathon Nextgen Realty Ltd,0.0,1,5484914.0,0.0,INF966L01689,,
JM Financial Ltd,1.0,3,28601032.0,34.09491263844165,"INF247L01BY3,INF846K01K35,INF966L01689",INF247L01BY3,
Suven Life Sciences Ltd,0.0,1,4701490.0,0.0,INF966L01689,,
Capri Global Capital Ltd,0.0,1,28450736.0,0.0,INF966L01689,,
Ncc Ltd 30/09/2025,-1.0,0,0.0,-100.0,,,INF966L01689
Aegis Logistics Ltd,0.0,2,15000389.0,0.0,"INF917K01QA1,INF966L01689",,
Anthem Biosciences Ltd,-1.0,3,3992675.0,-55.262764932562625,"INF663L01W06,INF846K01K35,INF966L01689",,
Embassy Developments Ltd,0.0,1,7962774.0,0.0,INF966L01689,,
Pfizer Ltd,0.0,2,2081130.0,0.0,"INF204K01K15,INF966L01689",,
Indoco Remedies Ltd,0.0,2,6793789.0,0.0,"INF204K01K15,INF966L01689",,
Indian Hume Pipe Co Ltd,0.0,1,769177.0,0.0,INF966L01689,,
NBCC India Ltd,0.0,1,41286749.0,0.0,INF966L01689,,
Sai Silks (Kalamandir) Ltd,0.0,1,2095455.0,0.0,INF966L01689,,
Aditya Birla Lifestyle Brands Ltd,0.0,2,39967247.0,0.0,"INF204K01K15,INF966L01689",,
Welspun Corp Ltd,0.0,2,5938052.0,0.0,"INF846K01K35,INF966L01689",,
Prime Securities Ltd,0.0,1,1649942.0,0.0,INF966L01689,,
Anupam Rasayan India Ltd,-1.0,1,1079612.0,-35.04292017214999,INF966L01689,,
Alivus Life Sciences Ltd,0.0,2,2054981.0,0.0,"INF277K011O1,INF966L01689",,
India Shelter Finance Corporation Ltd,-1.0,2,3426863.0,-30.095837756510512,"INF846K01K35,INF966L01689",,
Jana Small Finance Bank Ltd,-1.0,1,1611528.0,-27.81276708588138,INF966L01689,,
Welspun Enterprises Ltd,0.0,1,6712318.0,0.0,INF966L01689,,
Indraprastha Medical Corp Ltd,0.0,1,2396081.0,0.0,INF966L01689,,
Siemens Energy India Ltd,1.0,1,363883.0,9.671692892857896,INF247L01BY3,INF247L01BY3,
Ncc Ltd 28/10/2025,1.0,1,1652400.0,0.0,INF966L01689,INF966L01689,
Sequent Scientific Ltd,0.0,1,22502050.0,0.0,INF966L01689,,
Just Dial Ltd,0.0,2,5394872.0,0.0,"INF204K01K15,INF966L01689",,
Laxmi Dental Ltd,-2.0,0,0.0,-100.0,,,"INF205K013T3,INF966L01689"
E I D Parry India Ltd,1.0,2,5147872.0,6.66834849188962,"INF917K01QA1,INF966L01689",INF917K01QA1,
Sanofi India Ltd,0.0,2,277903.0,0.0,"INF204K01K15,INF966L01689",,
Adani Power Ltd,1.0,1,60430545.0,434.5537259686299,INF966L01689,INF966L01689,
Delhivery Ltd,1.0,5,19414808.0,315.01801801801804,"INF204K01K15,INF205K013T3,INF846K01K35,INF917K01QA1,INF966L01689",INF917K01QA1,
Best Agrolife Ltd,0.0,1,500000.0,0.0,INF966L01689,,
Primo Chemicals Ltd Shs Dematerialised,0.0,1,4556962.0,0.0,INF966L01689,,
HP Adhesives Ltd,-1.0,0,0.0,-100.0,,,INF966L01689
TVS Srichakra Ltd,0.0,1,377551.0,0.0,INF966L01689,,
Balrampur Chini Mills Ltd,1.0,5,19669544.0,199.14963107530843,"INF204K01K15,INF277K011O1,INF846K01K35,INF917K01QA1,INF966L01689",INF277K011O1,
Taj GVK Hotels & Resorts Ltd,-1.0,0,0.0,-100.0,,,INF966L01689
Gujarat State Fertilizers & Chemicals Ltd,0.0,1,7662294.0,0.0,INF966L01689,,
Bikaji Foods International Ltd,0.0,3,11997990.0,111.38437521346589,"INF663L01W06,INF917K01QA1,INF966L01689",INF917K01QA1,
Mahindra Holidays & Resorts India Ltd,0.0,1,999412.0,0.0,INF966L01689,,
Bayer CropScience Ltd,0.0,2,1546292.0,0.0,"INF204K01K15,INF966L01689",,
Newgen Software Technologies Ltd,0.0,1,503579.0,0.0,INF966L01689,,
HFCL Ltd,0.0,1,75584924.0,0.0,INF966L01689,,
Anand Rathi Wealth Ltd,0.0,2,2974095.0,0.0,"INF205K013T3,INF966L01689",,
Life Insurance Corporation of India,0.0,1,735993.0,0.0,INF966L01689,,
Capacit'e Infraprojects Ltd,0.0,1,2026624.0,0.0,INF966L01689,,
Aeroflex Industries Ltd,0.0,1,2431354.0,0.0,INF204K01K15,,
PNC Infratech Ltd,0.0,4,22703383.0,0.0,"INF179KA1RZ8,INF204K01K15,INF846K01K35,INF917K01QA1",,
Tata Power Co Ltd,0.0,1,7707138.0,0.0,INF204K01K15,,
Sharda Motor Industries Ltd,1.0,4,2866404.0,100.0,"INF204K01K15,INF663L01W06,INF846K01K35,INF917K01QA1",INF917K01QA1,
Jtekt India,0.0,0,0.0,0.0,,,
Timken India Ltd,0.0,4,2757151.0,0.0,"INF179KA1RZ8,INF204K01K15,INF663L01W06,INF846K01K35",,
Sumitomo Chemical India Ltd Ordinary Shares,0.0,3,7754526.0,0.0,"INF204K01K15,INF663L01W06,INF917K01QA1",,
HDFC Bank Ltd,-1.0,2,16367560.0,-24.58476334706802,"INF204K01K15,INF846K01K35",,
Craftsman Automation Ltd,0.0,3,1061504.0,0.0,"INF204K01K15,INF205K013T3,INF846K01K35",,
Texmaco Rail & Engineering Ltd,0.0,1,11408783.0,0.0,INF204K01K15,,
Dixon Technologies (India) Ltd,-1.0,3,501555.0,-9.518823473418687,"INF204K01K15,INF663L01W06,INF917K01QA1",,
Union Bank of India,1.0,2,20605455.0,4.275886125447889,"INF204K01K15,INF846K01K35",INF846K01K35,
Godrej Agrovet Ltd Ordinary Shares,-1.0,1,3326386.0,-100.0,INF204K01K15,,INF247L01BY3
PVR INOX Ltd,0.0,2,6066630.0,0.0,"INF179KA1RZ8,INF204K01K15",,
Rolex Rings Ltd,0.0,4,1693046.0,0.0,"INF204K01K15,INF205K013T3,INF846K01K35,INF917K01QA1",,
Bajel Projects Ltd,0.0,2,8697903.0,0.0,"INF179KA1RZ8,INF204K01K15",,
Lemon Tree Hotels Ltd,1.0,2,29457185.0,45.138436251811534,"INF204K01K15,INF917K01QA1",INF917K01QA1,
Hindustan Aeronautics Ltd Ordinary Shares,0.0,1,862972.0,0.0,INF204K01K15,,
G R Infraprojects Ltd,0.0,2,2688165.0,0.0,"INF179KA1RZ8,INF204K01K15",,
Esab India Ltd,0.0,1,326882.0,0.0,INF204K01K15,,
Astra Microwave Products Ltd,0.0,1,2200000.0,0.0,INF204K01K15,,
Divgi TorqTransfer Systems Ltd,0.0,1,1152910.0,0.0,INF204K01K15,,
Navin Fluorine International Ltd,0.0,3,1160371.0,0.0,"INF204K01K15,INF663L01W06,INF846K01K35",,
Whirlpool of India Ltd,0.0,2,5635445.0,0.0,"INF204K01K15,INF846K01K35",,
ITC Ltd,0.0,1,10000000.0,0.0,INF204K01K15,,
City Union Bank Ltd,0.0,3,49755509.0,0.0,"INF179KA1RZ8,INF204K01K15,INF846K01K35",,
RITES Ltd Ordinary Shares,0.0,1,9200000.0,0.0,INF204K01K15,,
Styrenix Performance Materials Ltd,1.0,2,1541191.0,10.661643818933916,"INF204K01K15,INF247L01BY3",INF247L01BY3,
L.G.Balakrishnan & Bros Ltd,0.0,2,3727419.0,0.0,"INF179KA1RZ8,INF204K01K15",,
Seamec Ltd,-1.0,1,911479.0,-100.0,INF204K01K15,,INF205K013T3
Max Estates Ltd,0.0,2,3160289.0,0.0,"INF204K01K15,INF205K013T3",,
Pokarna Ltd,0.0,1,689983.0,0.0,INF204K01K15,,
H.G. Infra Engineering Ltd Ordinary Shares,-1.0,2,3279580.0,-27.102603446658545,"INF204K01K15,INF917K01QA1",,
ISGEC Heavy Engineering Ltd,0.0,1,4185591.0,0.0,INF204K01K15,,
Linde India Ltd,0.0,1,400000.0,0.0,INF204K01K15,,
Ion Exchange (India) Ltd,0.0,2,10967096.0,0.0,"INF179KA1RZ8,INF204K01K15",,
Century Plyboards (India) Ltd,0.0,2,4263690.0,0.0,"INF204K01K15,INF917K01QA1",,
CIE Automotive India Ltd,0.0,4,21282713.0,0.0,"INF179KA1RZ8,INF204K01K15,INF277K011O1,INF846K01K35",,
CreditAccess Grameen Ltd Ordinary Shares,0.0,4,3605908.0,0.0,"INF204K01K15,INF205K013T3,INF663L01W06,INF846K01K35",,
InterGlobe Aviation Ltd,0.0,1,406892.0,0.0,INF205K013T3,,
Finolex Cables Ltd,0.0,3,5722851.0,0.0,"INF204K01K15,INF277K011O1,INF917K01QA1",,
NIIT Ltd,0.0,1,11111066.0,0.0,INF204K01K15,,
Infosys Ltd,0.0,0,0.0,0.0,,,
HDB Financial Services Ltd,1.0,2,5644577.0,0.0,"INF204K01K15,INF917K01QA1",INF917K01QA1,
3M India Ltd,0.0,1,18138.0,0.0,INF204K01K15,,
AAVAS Financiers Ltd,0.0,1,1113911.0,0.0,INF204K01K15,,
Netweb Technologies India Ltd,0.0,1,125776.0,0.0,INF204K01K15,,
Protean eGov Technologies Ltd,0.0,1,902883.0,0.0,INF204K01K15,,
Mishra Dhatu Nigam Ltd Ordinary Shares,0.0,1,2589175.0,0.0,INF204K01K15,,
Asahi India Glass Ltd,1.0,2,3922640.0,0.0,"INF204K01K15,INF247L01BY3",INF247L01BY3,
Chambal Fertilisers & Chemicals Ltd,0.0,2,12635735.0,0.0,"INF179KA1RZ8,INF204K01K15",,
Indian Hotels Co Ltd,0.0,1,3574222.0,0.0,INF204K01K15,,
Amber Enterprises India Ltd Ordinary Shares,0.0,4,684009.0,-15.033498250678107,"INF204K01K15,INF205K013T3,INF846K01K35,INF917K01QA1",INF205K013T3,
L&T Finance Ltd,0.0,2,14165450.0,0.0,"INF205K013T3,INF846K01K35",,
HCL Technologies Ltd,0.0,1,1000000.0,0.0,INF204K01K15,,
ICRA Ltd,0.0,1,562085.0,0.0,INF204K01K15,,
Rategain Travel Technologies Ltd,0.0,2,7405033.0,0.0,"INF204K01K15,INF846K01K35",,
FSN E-Commerce Ventures Ltd,0.0,1,6994008.0,0.0,INF204K01K15,,
Karur Vysya Bank Ltd,2.0,6,85120273.0,26.16244948880003,"INF204K01K15,INF205K013T3,INF247L01BY3,INF663L01W06,INF846K01K35,INF917K01QA1","INF247L01BY3,INF917K01QA1",
Bajaj Electricals Ltd,0.0,2,9736446.0,0.0,"INF179KA1RZ8,INF204K01K15",,
Equitas Small Finance Bank Ltd Ordinary Shares,0.0,2,79516515.0,0.0,"INF179KA1RZ8,INF204K01K15",,
Sundaram Fasteners Ltd,0.0,1,5025211.0,0.0,INF204K01K15,,
Grindwell Norton Ltd,-1.0,3,2769508.0,-22.103796074497495,"INF204K01K15,INF846K01K35,INF917K01QA1",,
Kajaria Ceramics Ltd,1.0,2,4277313.0,22.466317116877946,"INF204K01K15,INF917K01QA1",INF917K01QA1,
Ambuja Cements Ltd,0.0,1,3250000.0,0.0,INF204K01K15,,
Raymond Ltd,0.0,1,1238343.0,0.0,INF204K01K15,,
Campus Activewear Ltd,1.0,2,9595541.0,8.03116708150672,"INF204K01K15,INF247L01BY3",INF247L01BY3,
UTI Asset Management Co Ltd,0.0,2,3181766.0,0.0,"INF179KA1RZ8,INF204K01K15",,
Sheela Foam Ltd,0.0,1,761096.0,0.0,INF204K01K15,,
Venus Pipes & Tubes Ltd,0.0,1,600000.0,0.0,INF204K01K15,,
Kaynes Technology India Ltd,0.0,6,2022999.0,23.424534161490683,"INF204K01K15,INF205K013T3,INF247L01BY3,INF663L01W06,INF846K01K35,INF917K01QA1",INF917K01QA1,
Fineotex Chemical Ltd,0.0,1,3395805.0,0.0,INF204K01K15,,
R K Swamy Ltd,0.0,1,1998669.0,0.0,INF204K01K15,,
Deepak Nitrite Ltd,0.0,1,1090010.0,0.0,INF204K01K15,,
Sanofi Consumer Healthcare India Ltd,0.0,1,232875.0,0.0,INF204K01K15,,
Sudarshan Chemical Industries Ltd,0.0,4,13487297.0,0.0,"INF179KA1RZ8,INF204K01K15,INF277K011O1,INF846K01K35",,
Kalpataru Projects International Ltd,0.0,3,10033372.0,0.0,"INF179KA1RZ8,INF204K01K15,INF846K01K35",,
Praj Industries Ltd,0.0,1,5051724.0,0.0,INF204K01K15,,
Bharat Heavy Electricals Ltd,0.0,1,27500000.0,0.0,INF204K01K15,,
Sandhar Technologies Ltd Ordinary Shares,0.0,1,2555446.0,0.0,INF204K01K15,,
Tube Investments of India Ltd Ordinary Shares,-1.0,2,2843271.0,-35.57725976455344,"INF204K01K15,INF917K01QA1",,
Voltamp Transformers Ltd,0.0,2,1027476.0,0.0,"INF179KA1RZ8,INF204K01K15",,
Gujarat Fluorochemicals Ltd Ordinary Shares,1.0,2,1063252.0,114.39834101552758,"INF204K01K15,INF846K01K35",INF846K01K35,
Narayana Hrudayalaya Ltd,-1.0,2,2920122.0,-19.9233822059165,"INF204K01K15,INF846K01K35",,
JNK India Ltd,0.0,0,0.0,0.0,,,
Procter & Gamble Health Ltd,0.0,1,692659.0,0.0,INF204K01K15,,
National Securities Depository Ltd,0.0,1,550139.0,0.0,INF204K01K15,,
KPIT Technologies Ltd,1.0,2,2200519.0,9.113374269881684,"INF204K01K15,INF917K01QA1",INF917K01QA1,
Bajaj Consumer Care Ltd,0.0,2,18526367.0,0.0,"INF179KA1RZ8,INF204K01K15",,
AstraZeneca Pharma India Ltd,0.0,1,658075.0,0.0,INF204K01K15,,
ACME Solar Holdings Ltd,1.0,2,11011195.0,20.039563936500937,"INF204K01K15,INF277K011O1",INF277K011O1,
Credo Brands Marketing Ltd,0.0,1,1049435.0,0.0,INF204K01K15,,
Cyient DLM Ltd,0.0,1,1256139.0,0.0,INF204K01K15,,
Schaeffler India Ltd,0.0,1,484271.0,0.0,INF204K01K15,,
Honda India Power Products Ltd,0.0,2,1415736.0,0.0,"INF204K01K15,INF277K011O1",,
HDFC Life Insurance Co Ltd,0.0,1,5739968.0,0.0,INF204K01K15,,
JTEKT India Ltd,0.0,1,21133584.0,0.0,INF204K01K15,,
Harsha Engineers International Ltd,0.0,1,4136864.0,0.0,INF204K01K15,,
VST Tillers Tractors Ltd,0.0,1,543691.0,0.0,INF204K01K15,,
Syngene International Ltd,0.0,1,3473206.0,0.0,INF204K01K15,,
MTAR Technologies Ltd,0.0,2,998519.0,-100.0,"INF204K01K15,INF663L01W06",INF663L01W06,INF846K01K35
ELANTAS Beck India Ltd,0.0,2,860502.0,0.0,"INF204K01K15,INF277K011O1",,
Belrise Industries Ltd,0.0,1,10728130.0,0.0,INF204K01K15,,
Brigade Enterprises Ltd,-1.0,5,11728134.0,-14.679928101343956,"INF204K01K15,INF205K013T3,INF663L01W06,INF846K01K35,INF917K01QA1",,
Ajanta Pharma Ltd,0.0,1,1674471.0,0.0,INF204K01K15,,
Ceigall India Ltd,0.0,1,550950.0,0.0,INF204K01K15,,
Galaxy Surfactants Ltd,0.0,2,2718461.0,0.0,"INF204K01K15,INF846K01K35",,
Raymond Lifestyle Ltd,0.0,1,990674.0,0.0,INF204K01K15,,
Tejas Networks Ltd,0.0,1,5763697.0,0.0,INF204K01K15,,
TTK Prestige Ltd,0.0,1,3430809.0,0.0,INF204K01K15,,
Astec Lifesciences Ltd,0.0,1,526867.0,0.0,INF204K01K15,,
Rainbow Childrens Medicare Ltd,0.0,4,2820089.0,-26.33334654459461,"INF204K01K15,INF247L01BY3,INF663L01W06,INF846K01K35",INF247L01BY3,
TD Power Systems Ltd,0.0,1,10278244.0,0.0,INF204K01K15,,
Persistent Systems Ltd,-1.0,3,930138.0,-36.26335493256635,"INF204K01K15,INF846K01K35,INF917K01QA1",,
Vishal Mega Mart Ltd,-1.0,4,51676814.0,-20.43423221267055,"INF179KA1RZ8,INF204K01K15,INF205K013T3,INF663L01W06",,
Paradeep Phosphates Ltd,0.0,1,38089109.0,0.0,INF204K01K15,,
Gokaldas Exports Ltd,-1.0,5,11976032.0,52.409384585836094,"INF204K01K15,INF247L01BY3,INF277K011O1,INF846K01K35,INF917K01QA1",INF846K01K35,
Voltas Ltd,0.0,1,2496994.0,0.0,INF204K01K15,,
Sundaram Finance Holdings Ltd,0.0,1,8418075.0,0.0,INF204K01K15,,
Premier Energies Ltd,0.0,3,2874575.0,0.0,"INF204K01K15,INF247L01BY3,INF846K01K35",,
Raymond Realty Ltd,0.0,1,1238343.0,0.0,INF204K01K15,,
Tata Consumer Products Ltd,0.0,2,4761552.0,0.0,"INF204K01K15,INF846K01K35",,
eMudhra Ltd,0.0,1,5083786.0,0.0,INF204K01K15,,
Zensar Technologies Ltd,0.0,3,9008581.0,0.0,"INF179KA1RZ8,INF204K01K15,INF205K013T3",,
LMW Ltd,-1.0,1,84041.0,-100.0,INF204K01K15,,INF917K01QA1
Carborundum Universal Ltd,0.0,6,9583809.0,0.0,"INF179KA1RZ8,INF204K01K15,INF205K013T3,INF277K011O1,INF846K01K35,INF917K01QA1",,
Subros Ltd,0.0,1,968256.0,0.0,INF204K01K15,,
Sonata Software Ltd,-1.0,4,26769740.0,-87.32571631541558,"INF179KA1RZ8,INF204K01K15,INF205K013T3,INF917K01QA1",,
Asian Paints Ltd,0.0,1,2303100.0,0.0,INF204K01K15,,
MAS Financial Services Ltd Ordinary Shares,0.0,1,13938609.0,0.0,INF204K01K15,,
Coal India Ltd,0.0,1,8056743.0,0.0,INF204K01K15,,
West Coast Paper Mills Ltd,0.0,1,3359187.0,0.0,INF204K01K15,,
Avalon Technologies Ltd,0.0,2,5807487.0,0.0,"INF204K01K15,INF846K01K35",,
Blue Dart Express Ltd,0.0,2,821023.0,0.0,"INF179KA1RZ8,INF204K01K15",,
Fine Organic Industries Ltd Ordinary Shares,0.0,2,1418573.0,0.0,"INF204K01K15,INF846K01K35",,
LIC Housing Finance Ltd,0.0,1,2678310.0,0.0,INF204K01K15,,
Birla Corp Ltd,0.0,2,2959132.0,0.0,"INF204K01K15,INF205K013T3",,
Go Fashion (India) Ltd,0.0,1,1223364.0,0.0,INF204K01K15,,
Indigo Paints Ltd Ordinary Shares,0.0,2,4668906.0,0.0,"INF179KA1RZ8,INF204K01K15",,
CARE Ratings Ltd,1.0,2,1524098.0,0.0,"INF204K01K15,INF917K01QA1",INF917K01QA1,
Bharat Dynamics Ltd Ordinary Shares,1.0,3,3296249.0,30.364143054540126,"INF204K01K15,INF247L01BY3,INF846K01K35",INF247L01BY3,
Hindustan Unilever Ltd,0.0,1,1835009.0,0.0,INF204K01K15,,
Vindhya Telelinks Ltd,0.0,1,975698.0,0.0,INF204K01K15,,
Bluestone Jewellery And Lifestyle Ltd,0.0,2,5525270.0,0.0,"INF204K01K15,INF663L01W06",,
Schloss Bangalore Ltd,-1.0,1,3688067.0,-100.0,INF204K01K15,,INF205K013T3
Automotive Axles Ltd,0.0,2,903322.0,0.0,"INF204K01K15,INF277K011O1",,
Hitachi Energy India Ltd Ordinary Shares,-1.0,1,144150.0,-100.0,INF204K01K15,,INF247L01BY3
Greenlam Industries Ltd,0.0,2,7977918.0,0.0,"INF179KA1RZ8,INF204K01K15",,
NIIT Learning Systems Ltd,0.0,1,12204308.0,0.0,INF204K01K15,,
Vesuvius India Ltd,0.0,3,13717870.0,0.0,"INF179KA1RZ8,INF204K01K15,INF846K01K35",,
Honeywell Automation India Ltd,0.0,1,26553.0,0.0,INF204K01K15,,
Polyplex Corp Ltd,0.0,1,657517.0,0.0,INF204K01K15,,
Allied Blenders and Distillers Ltd,0.0,1,4937158.0,0.0,INF204K01K15,,
Wonderla Holidays Ltd,0.0,2,4925354.0,0.0,"INF204K01K15,INF277K011O1",,
Kirloskar Brothers Ltd,0.0,1,4472130.0,0.0,INF204K01K15,,
Dr. Lal PathLabs Ltd,0.0,1,645485.0,0.0,INF204K01K15,,
Data Patterns (India) Ltd,0.0,3,1303034.0,0.0,"INF204K01K15,INF663L01W06,INF846K01K35",,
Central Depository Services (India) Ltd,1.0,4,5023298.0,70.635727947178,"INF204K01K15,INF205K013T3,INF247L01BY3,INF846K01K35",INF247L01BY3,
Genus Power Infrastructures Ltd,0.0,1,9300000.0,0.0,INF204K01K15,,
KEI Industries Ltd,0.0,5,1978957.0,-14.814814814814813,"INF179KA1RZ8,INF247L01BY3,INF663L01W06,INF846K01K35,INF917K01QA1",INF247L01BY3,
Carraro India Ltd,-1.0,1,1587136.0,-100.0,INF917K01QA1,,INF247L01BY3
Thirumalai Chemicals Ltd,1.0,1,3068592.0,0.0,INF247L01BY3,INF247L01BY3,
Triveni Turbine Ltd,-1.0,3,3604224.0,-28.426415190430294,"INF205K013T3,INF247L01BY3,INF663L01W06",,
Gufic Biosciences Ltd,-1.0,0,0.0,-100.0,,,INF247L01BY3
V-Mart Retail Ltd,1.0,1,1654754.0,11.97884875397398,INF247L01BY3,INF247L01BY3,
Aditya Vision Ltd,2.0,3,12558243.0,0.0,"INF179KA1RZ8,INF247L01BY3,INF846K01K35","INF247L01BY3,INF846K01K35",
Cholamandalam Investment and Finance Co Ltd,1.0,1,443754.0,4.1026026002543015,INF247L01BY3,INF247L01BY3,
Sagility India Ltd,-1.0,0,0.0,-100.0,,,INF247L01BY3
CCL Products (India) Ltd,1.0,4,11727823.0,1.1178269849389082,"INF247L01BY3,INF663L01W06,INF846K01K35,INF917K01QA1",INF247L01BY3,
Rossari Biotech Ltd Ordinary Shares,-1.0,1,779574.0,-24.535202269053176,INF247L01BY3,,
Vijaya Diagnostic Centre Ltd,1.0,3,4762669.0,14.716912892040854,"INF247L01BY3,INF846K01K35,INF917K01QA1",INF247L01BY3,
Gabriel India Ltd,0.0,3,11966860.0,-15.66902015349372,"INF179KA1RZ8,INF247L01BY3,INF663L01W06",INF247L01BY3,
Transformers & Rectifiers (India) Ltd,1.0,1,2483963.0,9.34374726251386,INF247L01BY3,INF247L01BY3,
Bharat Electronics Ltd,0.0,0,0.0,0.0,,,
Aditya Birla Capital Ltd,1.0,1,56180.0,0.0,INF247L01BY3,INF247L01BY3,
Varroc Engineering Ltd Ordinary Shares,0.0,1,1586946.0,0.0,INF247L01BY3,,
Jain Resource Recycling Ltd,2.0,2,3574309.0,0.0,"INF247L01BY3,INF846K01K35","INF247L01BY3,INF846K01K35",
V2 Retail Ltd,1.0,1,663668.0,10.833924798971267,INF247L01BY3,INF247L01BY3,
Chalet Hotels Ltd,1.0,3,8216111.0,4.523424118654596,"INF179KA1RZ8,INF247L01BY3,INF846K01K35",INF247L01BY3,
V-Guard Industries Ltd,-1.0,0,0.0,-100.0,,,INF247L01BY3
VA Tech Wabag Ltd,1.0,2,1068010.0,13.440400988447573,"INF247L01BY3,INF846K01K35",INF247L01BY3,
Indus Towers Ltd Ordinary Shares,-1.0,0,0.0,-100.0,,,INF247L01BY3
Five-Star Business Finance Ltd,0.0,1,1813917.0,-100.0,INF247L01BY3,INF247L01BY3,INF205K013T3
Sky Gold and Diamonds Ltd,1.0,1,2926869.0,2.6298543165902784,INF247L01BY3,INF247L01BY3,
Pricol Ltd,1.0,1,2247279.0,1.5088934600614128,INF247L01BY3,INF247L01BY3,
Inox Wind Ltd - Rights,-1.0,0,0.0,-100.0,,,INF247L01BY3
Ola Electric Mobility Ltd,1.0,1,8209580.0,0.0,INF247L01BY3,INF247L01BY3,
Dr Agarwalâ€™s Health Care Ltd,1.0,3,7645144.0,3.48568326069706,"INF205K013T3,INF247L01BY3,INF663L01W06",INF247L01BY3,
Thirumalai Chemicals Limited,1.0,1,547587.0,0.0,INF247L01BY3,INF247L01BY3,
Suzlon Energy Ltd,0.0,2,35464445.0,0.0,"INF247L01BY3,INF917K01QA1",,
Pitti Engineering Ltd,-1.0,0,0.0,-100.0,,,INF247L01BY3
TCPL Packaging Ltd,0.0,1,47201.0,0.0,INF179KA1RZ8,,
D B Corp Ltd,0.0,1,4922150.0,0.0,INF179KA1RZ8,,
SKF India Ltd,0.0,1,1108471.0,0.0,INF179KA1RZ8,,
Goodyear India Ltd,0.0,1,1053916.0,0.0,INF179KA1RZ8,,
Suprajit Engineering Ltd,0.0,2,12566881.0,0.0,"INF179KA1RZ8,INF846K01K35",,
Lumax Industries Ltd,0.0,1,416496.0,0.0,INF179KA1RZ8,,
Transport Corp of India Ltd,0.0,2,5422422.0,0.0,"INF179KA1RZ8,INF277K011O1",,
Pearl Global Industries Ltd,0.0,1,2468184.0,0.0,INF179KA1RZ8,,
Indian Bank,0.0,1,9688128.0,0.0,INF179KA1RZ8,,
The Anup Engineering Ltd,0.0,1,1221503.0,0.0,INF179KA1RZ8,,
T.V. Today Network Ltd,0.0,1,4832024.0,0.0,INF179KA1RZ8,,
TCI Express Ltd,0.0,1,1140052.0,0.0,INF179KA1RZ8,,
BEML Ltd,0.0,2,508231.0,0.0,"INF179KA1RZ8,INF205K013T3",,
Aadhar Housing Finance Ltd,1.0,2,5855001.0,88.65840163865504,"INF179KA1RZ8,INF846K01K35",INF846K01K35,
Gujarat Pipavav Port Ltd,0.0,2,19659605.0,0.0,"INF179KA1RZ8,INF277K011O1",,
Redtape Ltd,0.0,1,22396179.0,0.0,INF179KA1RZ8,,
Redington Ltd,0.0,2,20032549.0,0.0,"INF179KA1RZ8,INF277K011O1",,
Akzo Nobel India Ltd,0.0,3,540846.0,0.0,"INF179KA1RZ8,INF277K011O1,INF663L01W06",,
Jagran Prakashan Ltd,0.0,1,2348332.0,0.0,INF179KA1RZ8,,
Dodla Dairy Ltd,0.0,1,2075310.0,0.0,INF179KA1RZ8,,
Delta Corp Ltd,0.0,1,3000000.0,0.0,INF179KA1RZ8,,
Gateway Distriparks Ltd,0.0,1,33756481.0,0.0,INF179KA1RZ8,,
Tata Steel Ltd,0.0,1,15443425.0,0.0,INF179KA1RZ8,,
Sharda Cropchem Ltd,0.0,1,5406610.0,0.0,INF179KA1RZ8,,
Awfis Space Solutions Ltd,0.0,3,6494709.0,0.0,"INF179KA1RZ8,INF205K013T3,INF663L01W06",,
Home First Finance Co India Ltd ---,0.0,3,5615314.0,0.0,"INF179KA1RZ8,INF205K013T3,INF663L01W06",,
NRB Bearings Ltd,0.0,1,8748982.0,0.0,INF179KA1RZ8,,
La Opala RG Ltd,0.0,1,9444822.0,0.0,INF179KA1RZ8,,
The Federal Bank Ltd,-1.0,3,37452319.0,-25.757848687596503,"INF179KA1RZ8,INF205K013T3,INF917K01QA1",,
Fortis Healthcare Ltd,-1.0,2,10719076.0,-23.60158676466066,"INF179KA1RZ8,INF846K01K35",,
FIEM Industries Ltd,0.0,1,1447367.0,0.0,INF179KA1RZ8,,
Firstsource Solutions Ltd,0.0,3,61225554.0,0.0,"INF179KA1RZ8,INF846K01K35,INF917K01QA1",,
Shoppers Stop Ltd,0.0,2,10283645.0,0.0,"INF179KA1RZ8,INF277K011O1",,
Insecticides (India) Ltd,0.0,1,2636351.0,0.0,INF179KA1RZ8,,
Unichem Laboratories Ltd,0.0,1,5458645.0,0.0,INF179KA1RZ8,,
IFGL Refractories Ltd,0.0,1,6549367.0,0.0,INF179KA1RZ8,,
JK Cement Ltd,0.0,1,41960.0,0.0,INF663L01W06,,
International Gemmological Institute (India) Ltd,0.0,1,684863.0,0.0,INF663L01W06,,
Gillette India Ltd,0.0,1,23422.0,0.0,INF663L01W06,,
Urban Co Ltd,1.0,1,789235.0,0.0,INF663L01W06,INF663L01W06,
Blue Jet Healthcare Ltd,1.0,1,118519.0,0.0,INF663L01W06,INF663L01W06,
Solar Industries India Ltd,0.0,1,32376.0,0.0,INF663L01W06,,
360 One Wam Ltd Ordinary Shares,0.0,2,1429551.0,0.0,"INF205K013T3,INF663L01W06",,
Ratnamani Metals & Tubes Ltd,0.0,3,1073990.0,0.0,"INF205K013T3,INF663L01W06,INF917K01QA1",,
Tega Industries Ltd,0.0,2,225043.0,-39.777563862878786,"INF277K011O1,INF663L01W06",INF277K011O1,
Metro Brands Ltd,0.0,0,0.0,0.0,,,
Global Health Ltd,-1.0,2,1754178.0,-20.173658199160833,"INF205K013T3,INF663L01W06",,
Technocraft Industries (India) Ltd,-1.0,1,1310.0,-93.94359685621822,INF663L01W06,,
Shivalik Bimetal Controls Ltd,0.0,1,168306.0,0.0,INF663L01W06,,
Eternal Ltd,2.0,2,4177918.0,197.2483538117173,"INF205K013T3,INF663L01W06","INF205K013T3,INF663L01W06",
Le Travenues Technology Ltd,0.0,1,894257.0,0.0,INF663L01W06,,
Ather Energy Ltd,0.0,2,3029574.0,0.0,"INF205K013T3,INF663L01W06",,
Max Financial Services Ltd,0.0,1,110000.0,0.0,INF663L01W06,,
Hexaware Technologies Ltd Ordinary Shares,0.0,2,1444298.0,0.0,"INF205K013T3,INF663L01W06",,
Schneider Electric Infrastructure Ltd,0.0,1,209802.0,0.0,INF663L01W06,,
Mrs Bectors Food Specialities Ltd Ordinary Shares,0.0,3,3060155.0,0.0,"INF205K013T3,INF663L01W06,INF846K01K35",,
Ganesha Ecosphere Ltd,0.0,2,681479.0,0.0,"INF277K011O1,INF663L01W06",,
Bharat Rasayan Ltd,0.0,1,25978.0,0.0,INF663L01W06,,
PB Fintech Ltd,0.0,2,2479976.0,0.0,"INF663L01W06,INF846K01K35",,
Nippon Life India Asset Management Ltd Ordinary Shares,0.0,2,4602010.0,0.0,"INF205K013T3,INF917K01QA1",,
Concord Biotech Ltd,0.0,2,1184155.0,0.0,"INF205K013T3,INF917K01QA1",,
Phoenix Mills Ltd,0.0,2,2088071.0,0.0,"INF205K013T3,INF846K01K35",,
Neogen Chemicals Ltd,0.0,2,1440332.0,0.0,"INF205K013T3,INF846K01K35",,
Swiggy Ltd,2.0,2,8399953.0,9.910184341153194,"INF205K013T3,INF917K01QA1","INF205K013T3,INF917K01QA1",
Aether Industries Ltd,-1.0,1,303495.0,-100.0,INF205K013T3,,INF846K01K35
Brainbees Solutions Ltd,0.0,1,104542.0,0.0,INF205K013T3,,
Cohance Lifesciences Ltd,-2.0,2,3368486.0,-100.0,"INF846K01K35,INF917K01QA1",INF846K01K35,"INF205K013T3,INF277K011O1"
SBFC Finance Ltd,1.0,2,16486184.0,0.0,"INF205K013T3,INF846K01K35",INF205K013T3,
Go Digit General Insurance Ltd,0.0,1,4384695.0,0.0,INF205K013T3,,
ZF Commercial Vehicle Control Systems India Ltd,2.0,2,119074.0,81.06406487793691,"INF205K013T3,INF917K01QA1","INF205K013T3,INF917K01QA1",
Entero Healthcare Solutions Ltd,-1.0,1,52774.0,-83.203798830052,INF205K013T3,,
Leela Palaces Hotels and Resorts Ltd,1.0,1,2759482.0,0.0,INF205K013T3,INF205K013T3,
Trent Ltd,-1.0,1,228422.0,-100.0,INF205K013T3,,INF917K01QA1
KSB Ltd,0.0,2,2065557.0,0.0,"INF205K013T3,INF277K011O1",,
Apollo Hospitals Enterprise Ltd,0.0,1,151411.0,0.0,INF205K013T3,,
Indegene Ltd,0.0,0,0.0,0.0,,,
BSE Ltd,-1.0,2,1575642.0,-100.0,"INF205K013T3,INF846K01K35",,INF917K01QA1
Trualt Bioenergy Ltd,1.0,1,504030.0,0.0,INF205K013T3,INF205K013T3,
Ingersoll-Rand (India) Ltd,0.0,1,95565.0,0.0,INF205K013T3,,
VIP Industries Ltd,0.0,1,4692204.0,0.0,INF277K011O1,,
IDFC First Bank Ltd,0.0,1,59000000.0,0.0,INF277K011O1,,
Time Technoplast Ltd,2.0,3,22504004.0,100.0,"INF277K011O1,INF846K01K35,INF917K01QA1","INF277K011O1,INF846K01K35",
ASK Automotive Ltd,0.0,1,3158073.0,0.0,INF277K011O1,,
Anant Raj Ltd,0.0,2,6177390.0,0.0,"INF277K011O1,INF846K01K35",,
HealthCare Global Enterprises Ltd,0.0,2,4487695.0,21.42751436781609,"INF277K011O1,INF846K01K35",INF846K01K35,
Network People Services Technologies Ltd,1.0,1,1532500.0,1681.9767441860463,INF277K011O1,INF277K011O1,
Sundrop Brands Ltd,0.0,1,1782421.0,0.0,INF277K011O1,,
R R Kabel Ltd,0.0,2,1480630.0,0.0,"INF277K011O1,INF846K01K35",,
Ramco Industries Ltd,0.0,1,2281581.0,0.0,INF277K011O1,,
Allcargo Logistics Ltd,0.0,1,17112968.0,0.0,INF277K011O1,,
Rallis India Ltd,0.0,1,540349.0,0.0,INF277K011O1,,
Hikal Ltd,0.0,1,3300000.0,0.0,INF277K011O1,,
CE Info Systems Ltd,1.0,1,1850822.0,4.1326815084543504,INF277K011O1,INF277K011O1,
Sundaram Clayton Ltd,1.0,1,1326805.0,3.4451437958486437,INF277K011O1,INF277K011O1,
Natco Pharma Ltd,0.0,1,549064.0,0.0,INF277K011O1,,
POWERGRID Infrastructure Investment Trust Units,0.0,1,1043500.0,0.0,INF277K011O1,,
Sri Lotus Developers And Realty Ltd,0.0,1,2777562.0,0.0,INF277K011O1,,
Eveready Industries India Ltd,0.0,1,1772916.0,0.0,INF277K011O1,,
CarTrade Tech Ltd,0.0,1,528313.0,0.0,INF277K011O1,,
Vardhman Special Steels Ltd,0.0,1,2378601.0,0.0,INF277K011O1,,
Smartworks Coworking Spaces Ltd,0.0,1,2168435.0,0.0,INF277K011O1,,
Transindia Real Estate Ltd,0.0,1,3095712.0,0.0,INF277K011O1,,
SAMHI Hotels Ltd,0.0,1,11907432.0,0.0,INF277K011O1,,
MM Forgings Ltd,0.0,1,1576286.0,0.0,INF277K011O1,,
Graphite India Ltd,0.0,1,3757727.0,0.0,INF277K011O1,,
Cello World Ltd,0.0,1,1692675.0,0.0,INF277K011O1,,
Azad Engineering Ltd,1.0,1,264476.0,0.0,INF846K01K35,INF846K01K35,
Engineers India Ltd,1.0,2,13754483.0,10.19107082408696,"INF846K01K35,INF917K01QA1",INF917K01QA1,
Devyani International Ltd,0.0,2,20900341.0,0.0,"INF846K01K35,INF917K01QA1",,
Happy Forgings Ltd,0.0,2,660412.0,0.0,"INF846K01K35,INF917K01QA1",,
Atlanta Electricals Ltd,1.0,1,229387.0,0.0,INF846K01K35,INF846K01K35,
Ajax Engineering Ltd,0.0,1,507104.0,0.0,INF846K01K35,,
Jupiter Life Line Hospitals Ltd,0.0,0,0.0,0.0,,,
Inventurus Knowledge Solutions Ltd,0.0,1,849601.0,0.0,INF846K01K35,,
PDS Ltd,0.0,1,1399254.0,0.0,INF846K01K35,,
SJS Enterprises Ltd,0.0,1,1377351.0,0.0,INF846K01K35,,
L&T Technology Services Ltd,-1.0,0,0.0,-100.0,,,INF846K01K35
Container Corporation of India Ltd,0.0,1,840528.0,0.0,INF846K01K35,,
TeamLease Services Ltd,0.0,1,271086.0,0.0,INF846K01K35,,
KNR Constructions Ltd,0.0,1,3873356.0,0.0,INF846K01K35,,
Tata Consultancy Services Ltd,0.0,1,237254.0,0.0,INF846K01K35,,
Laurus Labs Ltd,0.0,1,2117487.0,0.0,INF846K01K35,,
Niva Bupa Health Insurance Co Ltd,0.0,1,13847059.0,0.0,INF846K01K35,,
Hindalco Industries Ltd,0.0,1,1430102.0,0.0,INF846K01K35,,
Mahanagar Gas Ltd,0.0,1,1157462.0,0.0,INF846K01K35,,
Titagarh Rail Systems Ltd,0.0,2,2563232.0,0.0,"INF846K01K35,INF917K01QA1",,
HeidelbergCement India Ltd,0.0,1,5040690.0,0.0,INF846K01K35,,
UNO Minda Ltd,0.0,2,1573681.0,0.0,"INF846K01K35,INF917K01QA1",,
VST Industries Ltd,-1.0,1,1887964.0,-0.49794140650528196,INF846K01K35,,
Coforge Ltd,0.0,1,1129938.0,0.0,INF846K01K35,,
Prudent Corporate Advisory Services Ltd,0.0,2,574520.0,0.0,"INF846K01K35,INF917K01QA1",,
Ahluwalia Contracts (India) Ltd,0.0,1,3220147.0,0.0,INF846K01K35,,
Havells India Ltd,0.0,1,635613.0,0.0,INF846K01K35,,
Tech Mahindra Ltd,0.0,1,868319.0,0.0,INF846K01K35,,
Alembic Pharmaceuticals Ltd,0.0,1,1455416.0,0.0,INF846K01K35,,
Wim Plast Ltd,0.0,1,457523.0,0.0,INF917K01QA1,,
Alkyl Amines Chemicals Ltd,1.0,1,460300.0,19.602865479905525,INF917K01QA1,INF917K01QA1,
Apollo Pipes Ltd,0.0,1,1374292.0,0.0,INF917K01QA1,,
Polycab India Ltd,0.0,1,272724.0,0.0,INF917K01QA1,,
Finolex Industries Ltd,0.0,1,5984579.0,0.0,INF917K01QA1,,
Supreme Industries Ltd,0.0,1,217043.0,0.0,INF917K01QA1,,
Cera Sanitaryware Ltd,1.0,1,338650.0,36.222847948511664,INF917K01QA1,INF917K01QA1,
Somany Ceramics Ltd,0.0,1,1367863.0,0.0,INF917K01QA1,,
IIFL Finance Ltd,0.0,1,3399982.0,0.0,INF917K01QA1,,
Supreme Petrochem Ltd,0.0,1,3565768.0,0.0,INF917K01QA1,,
Techno Electric & Engineering Co Ltd,-1.0,1,2308490.0,-4.374715214779836,INF917K01QA1,,
Nesco Ltd,1.0,1,442335.0,0.0,INF917K01QA1,INF917K01QA1,
Indo Count Industries Ltd,0.0,1,2471400.0,0.0,INF917K01QA1,,
Hindustan Foods Ltd,1.0,1,1124431.0,44.70901343450502,INF917K01QA1,INF917K01QA1,
IIFL Capital Services Ltd Ordinary Shares,0.0,1,569083.0,0.0,INF917K01QA1,,
Sundaram Finance Ltd,-1.0,1,60299.0,-70.99489636395995,INF917K01QA1,,
Ipca Laboratories Ltd,0.0,1,606800.0,0.0,INF917K01QA1,,
PTC Industries Ltd,0.0,1,80656.0,0.0,INF917K01QA1,,
Housing & Urban Development Corp Ltd,0.0,1,8043000.0,0.0,INF917K01QA1,,
Sterling Tools Ltd,-1.0,0,0.0,-100.0,,,INF917K01QA1
EIH Ltd,1.0,1,6037900.0,45.8220728716701,INF917K01QA1,INF917K01QA1,
Oberoi Realty Ltd,0.0,1,911600.0,0.0,INF917K01QA1,,
Motherson Sumi Wiring India Ltd,1.0,1,20583300.0,50.0,INF917K01QA1,INF917K01QA1,
